transcript_id,ticker,quarter,date,sector,return_1d,return_3d,return_7d,sentiment_overall,sentiment_divergence,sentiment_std,lm_uncertainty,lm_litigious,lm_constraining,fls_ratio,fls_hedging_count,modal_confidence,uncertainty_divergence,role_sentiment_variance,avg_sentence_length,vocab_diversity,sentiment_overall_qoq,lm_uncertainty_qoq,fls_ratio_qoq,lm_constraining_qoq,modal_confidence_qoq,pca_1,pca_2,pca_3,tsne_1,tsne_2,cluster_km,cluster_db,cluster_hc,archetype
AAPL_2019-Q3,AAPL,2019-Q3,2019-07-30,tech,0.0204040812283428,-0.0227992822181091,-0.0256252011836045,0.3195604617117431,0.3006385872154937,0.4437849042358497,0.0033933698773166,0.0003915426781519,0.0007830853563038,0.0401002506265664,2.0,1.9999991486670292,-0.0003785064128746002,0.18750428864243937,19.75392670157068,0.26133050622846543,-0.004069053800501987,0.0002558263689756996,-0.0010312767035443038,-1.2801328871768605e-05,0.017045425359815014,2.351675642692317,-1.6567017950272251,0.2570342452208229,-2.158267,6.8092933,3,0,2,Linguistic Strategists 2
AAPL_2020-Q1,AAPL,2020-Q1,2020-01-28,tech,0.0209319069689038,-0.0257485220243551,0.0236709227862146,0.3355745631520466,0.2712737738724687,0.4387164817813576,0.0044144019864808,0.0004138501862325,0.0009656504345426,0.0518518518518518,0.0,2.444443460012733,-0.0033399968178713995,0.3343469612552513,19.206989247311828,0.2590622813156053,0.016014101440303463,0.0010210321091642,0.011751601225285402,0.00018256507823879997,0.4444443113457037,3.9648144927306714,-1.3664682416091176,0.7448434964861123,-2.0274076,8.001165,3,0,2,Linguistic Strategists 2
AAPL_2020-Q2,AAPL,2020-Q2,2020-04-30,tech,-0.0160994982999027,0.0127977480778122,0.075094344164848,0.2365612812272173,0.1995274204377003,0.4866922141374947,0.0070514494646121,0.0001305823974928,0.000652911987464,0.0462287104622871,3.0,1.4705879040657999,-0.003053442018620899,0.09717028241069432,19.590078328981722,0.25976276156204187,-0.09901328192482928,0.0026370474781313,-0.005623141389564705,-0.00031273844707859996,-0.9738555559469331,-0.6943802214014172,0.14306098719745064,1.9722289900474381,-1.1228604,-0.94342524,4,0,3,Measured Reporters
AAPL_2020-Q3,AAPL,2020-Q3,2020-07-30,tech,0.1046888382643185,0.1400873348864446,0.1740385980749659,0.2706564976142184,0.2821244609829629,0.4495976594104791,0.0085881587508132,0.0007807417046193,0.0015614834092387,0.0366132723112128,0.0,0.999999817023843,-0.0044696065934358995,0.10382449167147448,18.576732673267326,0.27048634243837444,0.03409521638700108,0.0015367092862011,-0.009615438151074296,0.0009085714217747,-0.47058808704195687,-0.6483333788517901,-0.9867719507245154,1.7614974695282832,0.16331592,-3.2737086,4,0,3,Measured Reporters
AAPL_2020-Q4,AAPL,2020-Q4,2020-10-29,tech,-0.0560181790936744,-0.042317282479808,0.0104115338872639,0.3003746185285983,0.2236229419838341,0.4437131255902262,0.0057599623839191,0.0005877512636652,0.0024685553073939,0.0219780219780219,1.0,1.4799994963858123,-0.0012282133513415007,0.10463466614301589,19.47775175644028,0.2496092340988337,0.02971812091437992,-0.0028281963668941,-0.014635250333190901,0.0009070718981552001,0.4799996793619693,1.1590822486107948,-1.6087922787487956,-0.9669691713155156,3.2413611,-1.5469469,3,0,4,Linguistic Strategists 2
AAPL_2021-Q1,AAPL,2021-Q1,2021-01-27,tech,-0.0349847240167745,-0.0557509606645778,-0.0358694863463755,0.2892799562913306,0.282430450329963,0.4849471127184805,0.00844327176781,0.000263852242744,0.0015831134564643,0.0372093023255813,2.0,0.8333331578704037,-0.0013344385707870993,0.0967923947149732,19.835106382978722,0.25006704210244035,-0.011094662237267738,0.0026833093838909,0.015231280347559398,-0.0008854418509296,-0.6466663385154086,-0.23247781076119522,-0.2245191129743104,2.192770716868323,-0.09396861,-1.3376778,4,0,3,Measured Reporters
AAPL_2021-Q2,AAPL,2021-Q2,2021-04-28,tech,-0.0007487114809111,-0.0077857080782849,-0.023572625072288,0.2852109024908286,0.311003001041999,0.4488895717524174,0.0071951073270176,0.0003597553663508,0.0025182875644561,0.0283400809716599,0.0,1.2121209058219482,0.0006925179385942996,0.11933330657038455,18.161862527716185,0.25076303259675253,-0.004069053800501987,-0.0012481644407924004,-0.0088692213539214,0.0009351741079918,0.37878774795154446,0.7075031297352784,-1.0770100590491078,0.05423345626971606,3.1125846,-1.8979378,3,0,4,Linguistic Strategists 2
AAPL_2021-Q3,AAPL,2021-Q3,2021-07-27,tech,-0.0121964890206237,-0.0062005408064187,0.0019757037772054,0.2777757555719831,0.2486937107275188,0.4531608070020184,0.0088451476267596,0.0006228977201943,0.0026161704248162,0.0351239669421487,0.0,0.6666665477481694,-0.0039425575340663,0.1431727958058648,18.750599520383695,0.25617086583962145,-0.007435146918845503,0.0016500402997420005,0.0067838859704888,9.78828603601001e-05,-0.5454543580737788,-0.44641940786044537,-0.41074064565027424,2.288634429225366,0.84700483,-2.8521068,4,0,3,Measured Reporters
AAPL_2021-Q4,AAPL,2021-Q4,2021-10-28,tech,-0.0181558350423112,-0.0167134562924028,-0.0125218373194928,0.2411446899373447,0.3613456688963703,0.4279374211527937,0.0068501382045427,0.0008412450426631,0.0034851580338901,0.0380761523046092,5.0,1.114285449372292,-0.0023834664948621997,0.14859952379752875,18.050884955752213,0.2490501286922417,-0.03663106563463839,-0.0019950094222169,0.002952185362460502,0.0008689876090738997,0.44761890162412266,1.1893552813151373,0.1554763463162917,0.27621107528609007,3.6170063,-2.6627305,2,0,4,Confident Optimists
AAPL_2022-Q1,AAPL,2022-Q1,2022-01-27,tech,0.069777536157438,0.0966584736217218,0.0795043979874823,0.2729887280112771,0.2324242408276677,0.4448698517946992,0.0078473819510215,0.0005411987552428,0.0036530915978893,0.0286975717439293,1.0,0.8717947065785937,-0.003209102066183401,0.12702156656371305,17.8407960199005,0.2621305075292805,0.03184403807393241,0.0009972437464787999,-0.0093785805606799,0.0001679335639992001,-0.2424907427936983,-0.343553856758385,-0.7683577599151477,1.4611219463638367,1.5598164,-2.9828646,4,0,3,Measured Reporters
AAPL_2022-Q2,AAPL,2022-Q2,2022-04-28,tech,-0.0366048490056878,-0.0254216149108519,-0.0694000436830211,0.2004426660189448,0.2847765405434883,0.4834098484173719,0.0089488278295941,0.0006301991429291,0.004405466105198947,0.0473251028806584,2.0,0.533333239300749,-0.0009404815265416002,0.07934821010167586,18.025581395348837,0.2526125661205006,-0.0725460619923323,0.0011014458785725996,0.0186275311367291,0.0016405812027156003,-0.33846146727784465,-0.6103062058247773,1.98996282247161,2.5034504504745048,2.9671335,-3.876407,4,0,4,Measured Reporters
AAPL_2022-Q3,AAPL,2022-Q3,2022-07-28,tech,0.0327931001426104,0.0169049273259692,0.0492469711329874,0.1728069049585137,0.4103015990922719,0.4914989198803161,0.009904965868023,0.000669254450542,0.0036139740329273,0.0776699029126213,10.0,0.7837836255230315,-0.0032657848749802,0.15044080491179626,18.639593908629443,0.2656590413943355,-0.027635761060431113,0.0009561380384289012,0.030344800031962896,-0.0016796987676776002,0.25045038622228244,1.3299128902795965,2.844608236261519,1.6356938588936019,5.299662,-4.6036105,2,-1,1,Confident Optimists
AAPL_2022-Q4,AAPL,2022-Q4,2022-10-27,tech,0.075552672786759,0.0404006962830407,-0.0390162594380381,0.2359257385776988,0.3421470373636602,0.4972888590894714,0.0082497778905952,0.0007615179591318,0.0015230359182637,0.0373443983402489,8.0,0.7631577365021093,-0.0056158632596703,0.14083253429369968,17.714942528735634,0.2661562418894368,0.0631188336191851,-0.0016551879774278008,-0.0403255045723724,-0.0020909381146636003,-0.020625889020922217,-0.2567879450337018,-1.5299178837238991,-0.5869030568663558,0.6909968,1.8257121,3,-1,1,Linguistic Strategists 2
AAPL_2023-Q1,AAPL,2023-Q1,2023-02-02,tech,0.0243998363921403,0.0253943739907499,0.0216477169991094,0.2081100856249823,0.151810869406983,0.5001049882659979,0.005654281098546,0.0004038772213247,0.0017501346257404,0.0542797494780793,10.0,1.2608691580115003,-0.0009553228506903998,0.17805138351434302,17.134117647058822,0.2617412798681681,-0.027815652952716513,-0.0025954967920491998,0.0169353511378304,0.00022709870747670007,0.49771142150939107,1.4504084803535988,1.3632176028359264,-1.3508582132284888,6.5869536,-3.7215412,2,0,1,Confident Optimists
AMZN_2019-Q1,AMZN,2019-Q1,2019-04-25,tech,0.0254330255292026,0.0127585050149256,0.0253909129572444,0.1452780822563889,-0.2238741610966786,0.4077018757664006,0.0093280030458785,0.0013325718636969,0.0009518370454978,0.0258064516129032,1.0,0.9677417714984603,0.018095597891463346,0.11307178598197655,18.62773722627737,0.2739028213166144,-0.004069053800501987,0.0002558263689756996,-0.0010312767035443038,-1.2801328871768605e-05,0.017045425359815014,-1.596376460077921,1.6109521562297968,-2.6082074869497394,-0.1333465,-9.724954,4,0,4,Measured Reporters
AMZN_2020-Q2,AMZN,2020-Q2,2020-07-30,tech,0.0369608215671373,0.028490660373585,0.0315478380864765,0.2429157805192885,0.1519484865118893,0.4787492125597931,0.0120074412311855,0.0008455944529003,0.0010147133434804,0.0348837209302325,2.0,0.5405404541563301,0.005624350589455301,0.11428635763018408,17.848101265822784,0.27695035460992906,0.09763769826289959,0.002679438185307,0.0090772693173293,6.287629798259998e-05,-0.4272013173421302,-1.2839570185501317,0.5154581925760577,0.9375962836124837,-10.256438,2.0281565,4,0,4,Measured Reporters
AMZN_2020-Q4,AMZN,2020-Q4,2021-02-02,tech,-0.019961565909301,-0.0082396558050573,-0.0348727435049926,0.2197667761999917,0.1920609616791622,0.4390205851883988,0.0085173501577287,0.0004731861198738,0.0011041009463722,0.0305810397553516,2.0,0.965517030297312,0.007099635882158201,0.1382752622684951,20.4375,0.26299694189602446,-0.023149004319296812,-0.0034900910734568004,-0.004302681174880901,8.938760289180009e-05,0.42497657614098183,0.7028526772374084,-0.37603537028118245,-1.6193658658120302,2.1990695,-7.149562,3,0,4,Linguistic Strategists 2
AMZN_2021-Q1,AMZN,2021-Q1,2021-04-29,tech,-0.0011206361718006,-0.0459307860567787,-0.0808974126904683,0.3204646673776321,0.0652529286782137,0.4184028257888842,0.0083523158694001,0.0003796507213363,0.0007593014426727,0.0353356890459364,1.0,0.599999873568014,0.0093763827844393,0.1465197731783558,19.19402985074627,0.2951010886469673,0.10069789117764039,-0.00016503428832860025,0.0047546492905847955,-0.0003447995036995,-0.36551715672929797,0.11030302732049194,-1.1180147350463514,-0.34559405256151204,-9.782465,2.1303182,4,0,4,Measured Reporters
AMZN_2021-Q2,AMZN,2021-Q2,2021-07-29,tech,-0.0756489071327776,-0.0649125846945181,-0.0716821272716391,0.2834990157745778,0.1214772577626271,0.4726759905682364,0.0097936341378104,0.0008744316194473,0.0015739769150052,0.0377358490566037,2.0,0.5151514258898252,0.004596450789693399,0.1314078144713723,18.453333333333333,0.28125,-0.03696565160305426,0.0014413182684102997,0.0024001600106673057,0.0008146754723325,-0.08484844767818878,-0.7131640517745059,0.9139616847488933,0.9685872871575063,0.23015669,-5.33294,4,0,4,Measured Reporters
AMZN_2021-Q3,AMZN,2021-Q3,2021-10-28,tech,-0.0215112450537781,-0.0388270615149781,0.0123049790232997,0.1984813354969505,0.0580424127795922,0.464246701689006,0.0068281580230856,0.0006503007641033,0.002113477483336,0.0479041916167664,3.0,0.6923075285237,0.0059777334805658,0.05877151775377882,19.31935483870968,0.2723326097846051,-0.08501768027762732,-0.002965476114724799,0.010168342560162698,0.0005395005683308,0.17715610263387482,-0.1904677384575404,1.4489626192744474,-1.3141353511879785,2.4049904,-6.487274,4,0,4,Measured Reporters
AMZN_2021-Q4,AMZN,2021-Q4,2022-02-03,tech,0.1353590173571185,0.1625403228066442,0.1175515384071814,0.2577095362791641,0.1530002383674925,0.4417236949606755,0.0083129584352078,0.0004889975550122,0.0009779951100244,0.0204081632653061,0.0,0.766666509883368,0.0036064441602354997,0.10097423766245715,18.630434782608695,0.27671278546424405,0.05922820078221361,0.0014848004121222006,-0.0274960283514603,-0.0011354823733116,0.07435898135966801,-1.1636593850918109,-1.7403913300605627,-0.4579236546197635,-8.614484,2.0712094,4,0,4,Measured Reporters
AMZN_2022-Q1,AMZN,2022-Q1,2022-04-28,tech,-0.140494377749234,-0.1406880192176758,-0.247637363031638,0.1007546041305111,0.021848440577854,0.4968455951931088,0.011504917424383,0.0003711263685284,0.0012989422898496,0.0453074433656957,0.0,1.0769228537101103,0.007653965988864,0.05569005092084233,18.591549295774648,0.2715909090909091,-0.156954932148653,0.0031919589891751983,0.0248992801003896,0.0003209471798252001,0.3102563438267423,-1.8183474751367297,3.6122995943947376,0.24967914920656523,-0.9682607,-7.8674498,4,0,0,Measured Reporters
AMZN_2022-Q2,AMZN,2022-Q2,2022-07-28,tech,0.1036146409505072,0.0971541135214984,0.140088363214089,0.1865647137425579,0.0291958888980412,0.5218792514670562,0.0089047195013357,0.0008904719501335,0.0016028495102404,0.0677966101694915,1.0,0.9130432553592045,0.009364513567461,0.14273847721233884,19.195804195804197,0.28178506375227685,0.0858101096120468,-0.0026001979230472986,0.0224891668037958,0.00030390722039079997,-0.16387959835090582,0.9898525412066207,1.6659129718413777,-1.3024848700592009,2.450603,-8.9133005,2,0,4,Confident Optimists
AMZN_2022-Q3,AMZN,2022-Q3,2022-10-27,tech,-0.0680424971580574,-0.1277036615524649,-0.1841204080185927,0.1616318152953328,0.2454159007164841,0.5061284089048831,0.0093495126317883,0.0003978516013526,0.0013924806047344,0.0569395017793594,2.0,1.4666661751379337,0.009480692537935698,0.1453907963229098,18.20149253731343,0.2993029930299303,-0.0249328984472251,0.000444793130452599,-0.010857108390132097,-0.0002103689055060001,0.5536229197787292,0.671625037723516,1.4519011730806546,-0.7207020693308863,0.7433999,-7.466605,4,0,4,Measured Reporters
AMZN_2022-Q4,AMZN,2022-Q4,2023-02-02,tech,-0.0843149762083984,-0.0956514276988027,-0.118412915711106,0.1630326824330062,0.0515240719709189,0.4209732275690833,0.0109266943291839,0.0013831258644536,0.0009681881051175,0.0428571428571428,2.0,0.9249998328062793,0.006698373066986901,0.09140166963324868,21.198795180722893,0.2463768115942029,0.0014008671376734005,0.0015771816973956,-0.014082358922216598,-0.0004242924996168999,-0.5416663423316544,-1.3472119931856823,0.8792621492310749,0.13054230252186003,-2.2312715,-5.2763314,4,0,3,Measured Reporters
BAC_2020-Q4,BAC,2020-Q4,2021-01-19,finance,-0.0131217427302799,-0.0372293363577545,-0.0747636774616418,0.1398847334566105,0.1255974111789073,0.5515008426246675,0.006365565322825,0.001212488632919,0.0009093664746892,0.0279720279720279,4.0,1.4722216825712364,-0.0038660256314396006,0.14012598516317964,20.094946401225116,0.20217954580094497,-0.004069053800501987,0.0002558263689756996,-0.0010312767035443038,-1.2801328871768605e-05,0.017045425359815014,0.008905952958339682,0.39081261567225634,-0.7237185070968403,-5.7220244,-2.6500194,0,0,0,Linguistic Strategists
BAC_2021-Q1,BAC,2021-Q1,2021-04-15,finance,0.0105835154086836,-0.0170364933816337,0.0172947770549368,0.1870541506025017,0.1701429947227851,0.5071501038058488,0.0082552240089431,0.0011178949178777,0.0018058302519563,0.0263975155279503,2.0,0.8913041225005344,-0.0019106744483269999,0.09290811615049628,19.793162393162394,0.2077036013472666,0.04716941714589118,0.0018896586861180996,-0.0015745124440775977,0.0008964637772671,-0.580917560070702,-1.0377498947115973,0.016785999078413973,1.0794075925850946,-4.287481,-6.6104484,0,0,0,Linguistic Strategists
BAC_2021-Q2,BAC,2021-Q2,2021-07-14,finance,-0.0007717590919556,-0.0496654349279709,-0.0298506968459203,0.1362502964509743,0.1294111473614044,0.5513213052654129,0.0070696721311475,0.001639344262295,0.0015368852459016,0.021311475409836,0.0,1.1785710177552813,-0.0023628746856645,0.07411048449956131,17.681901279707496,0.23076923076923078,-0.05080385415152738,-0.0011855518777956,-0.005086040118114303,-0.00026894500605469996,0.2872668952547469,-1.2051009010717184,0.5580280222982115,-1.6449887261102478,-7.6384583,-3.2110188,0,0,0,Linguistic Strategists
BAC_2021-Q3,BAC,2021-Q3,2021-10-14,finance,0.0288438067806848,0.0312845655008251,0.0541378236173562,0.2368505531891447,0.2252423191961004,0.5042579136779308,0.007049254405784,0.0006326253953908,0.0011748757342973,0.0179640718562874,0.0,0.7441858550135707,-0.002732703575139001,0.05681790655343004,17.945901639344264,0.22015163971864438,0.10060025673817038,-2.0417725363500172e-05,-0.003347403553548598,-0.0003620095116043001,-0.4343851627417106,-1.1753207107674442,-1.9206269956310418,-0.22527594209175777,-7.114259,-1.1063238,0,0,0,Linguistic Strategists
BAC_2021-Q4,BAC,2021-Q4,2022-01-19,finance,-0.0148579496066123,-0.040697448450999,-0.0122739265618382,0.254085619418427,0.2340372206317865,0.4809927174929757,0.0064594972067039,0.0006983240223463,0.0009601955307262,0.0198581560283687,2.0,0.8571425765878377,-0.0040491297360445,0.09848524989050102,17.56434108527132,0.21219878188719216,0.01723506622928231,-0.0005897571990800994,0.0018940841720813013,-0.00021468020357109994,0.11295672157426695,-0.5227942618229282,-1.45849306614362,-0.6009795953823869,-6.765038,-1.4431936,0,0,0,Linguistic Strategists
BAC_2022-Q1,BAC,2022-Q1,2022-04-18,finance,0.0185325940747263,0.0015445278860822,-0.0669243563170788,0.1881460228409522,0.0942647492725701,0.4859402688555489,0.0085939192604896,0.0010110493247634,0.000649960280205,0.0267558528428093,1.0,1.142856819895123,2.2180843427699326e-05,0.10097200823328241,16.682539682539684,0.19783356510283245,-0.06593959657747481,0.0021344220537857003,0.0068976968144406,-0.0003102352505212,0.28571424330728534,-1.44602104340578,0.618293844410619,-0.638560173249577,-7.2375607,-4.2275224,0,0,0,Linguistic Strategists
BAC_2022-Q2,BAC,2022-Q2,2022-07-18,finance,0.0337879498075485,0.0430875181814351,0.0412276435837581,0.2149610559856149,0.1998444806125416,0.5134882573033276,0.0060364132022198,0.0012656995424009,0.0012656995424009,0.0215588723051409,1.0,1.0384611282294491,0.0002966336180644999,0.10937838289287116,18.384476534296027,0.2242513500245459,0.026815033144662714,-0.0025575060582698006,-0.005196980537668403,0.0006157392621958999,-0.10439569166567386,-0.10615485074818307,-0.9309061460205297,-1.2850792220631273,-6.956306,-2.1762264,0,0,0,Linguistic Strategists
BAC_2022-Q3,BAC,2022-Q3,2022-10-17,finance,0.0374778302760373,0.0023797123099792,0.0618682362047928,0.1758079102070855,0.1679253228931118,0.5015898698661319,0.0062922395711955,0.0020197312203837,0.0006991377301328,0.0205066344993968,0.0,0.749999597718939,-0.0024222571833269002,0.06204730380859621,16.970548862115127,0.2013883410901633,-0.03915314577852941,0.0002558263689756996,-0.0010522378057440974,-0.0005665618122680999,-0.28846153051051016,-1.9873356232301527,-0.38405766332947183,-0.9249583376862399,-7.7048273,-3.6392663,0,0,0,Linguistic Strategists
COST_2020-Q1,COST,2020-Q1,2019-12-12,retail,-0.0183964224500901,-0.0060204388706135,-0.0135538564319355,0.1365027437246469,-0.0481535875372483,0.3701528565201469,0.0091902379250485,0.0009190237925048,0.0002042275094455,0.0163265306122449,2.0,0.5892856112343924,0.0026934262893621008,0.04283291421505868,22.17906976744186,0.21558141973366887,-0.004069053800501987,0.0002558263689756996,-0.0010312767035443038,-1.2801328871768605e-05,0.017045425359815014,-2.1058750726821547,-0.2967218109735499,-1.2725022060865716,-3.6484566,-4.7528167,0,0,3,Linguistic Strategists
COST_2020-Q2,COST,2020-Q2,2020-03-05,retail,-0.0139981256396106,-0.0201419798417526,-0.1031796098659976,0.0558518865631181,0.0159744205117009,0.4267811357450175,0.0080173347778981,0.0013001083423618,0.0011917659804983,0.0085178875638841,2.0,0.833333119675985,-0.0021495060430744995,0.02462843874951477,17.372586872586872,0.22246916324036003,-0.08065085716152881,-0.0011729031471504007,-0.0078086430483608,0.0009875384710528,0.24404750844159262,-3.169814966700619,0.5093010270391709,-2.0136255633056646,-11.103516,-4.9063187,0,0,0,Linguistic Strategists
COST_2021-Q2,COST,2021-Q2,2021-03-04,retail,-0.0053910983780734,-0.0008148430146584,0.0359516012549289,0.1042020340651953,0.01969739112804,0.4859217524395806,0.0093217614914818,0.001607200257152,0.0001071466838101,0.0181518151815181,0.0,1.027777511326475,-0.004670605924209199,0.07334726311778346,17.433460076045627,0.22551799345692475,0.04835014750207721,0.0013044267135837,0.009633927617634002,-0.0010846192966882,0.1944443916504901,-2.3667537660026725,0.08732784970408086,-1.6756933186901966,-11.02097,-3.4058928,0,0,0,Linguistic Strategists
COST_2021-Q3,COST,2021-Q3,2021-05-27,retail,-0.0238194648618109,-0.0178322674983725,-0.0201292316243283,0.1418816674647579,-0.0283541127523844,0.4339983567183005,0.0091442872268745,0.0012513235152565,0.0003850226200789,0.0141287284144427,1.0,0.6792451498739919,-0.0042532644783077,0.13390289921724455,18.268817204301076,0.21963900333529526,0.03767963339956258,-0.0001774742646073,-0.0040230867670754,0.00027787593626880003,-0.34853236145248323,-2.3294293236550097,-0.7979825486274081,-0.9131078935147178,-9.762432,-5.1557374,0,0,0,Linguistic Strategists
COST_2021-Q4,COST,2021-Q4,2021-09-23,retail,0.0330623318146858,-0.0119925244905045,-0.0279163779303003,0.147581833010735,0.044645315089396,0.458181725977878,0.0076015727391874,0.001310615989515,0.0006553079947575,0.0084210526315789,0.0,0.9615381793639892,-0.0023948230597322,0.12015494647651238,17.28767123287671,0.24405705229793978,0.005700165545977104,-0.0015427144876870996,-0.0057076757828638,0.00027028537467860004,0.28229302948999735,-1.6737209143383172,-0.7999502992016029,-2.0380975044808296,-9.294466,-4.3649836,0,0,0,Linguistic Strategists
COST_2022-Q1,COST,2022-Q1,2021-12-09,retail,0.0657793137825283,0.0400701985742045,0.0462114734493174,0.1714994284534876,0.0676685860587209,0.4233238797348641,0.0108997886775664,0.0014458903347792,0.0006673340006673,0.0084602368866328,0.0,0.3437499517085025,-0.0075265667971119,0.07541224297152806,16.93103448275862,0.23500792034396922,0.0239175954427526,0.0032982159383789997,3.9184255053899275e-05,1.2026005909799935e-05,-0.6177882276554867,-3.8484218335210336,-0.6383005851321664,0.973857341417299,-9.853358,-6.1420093,0,0,0,Linguistic Strategists
COST_2022-Q2,COST,2022-Q2,2022-03-03,retail,-0.0141637342886017,-0.0181785825446413,-0.0133196248861632,0.1649546782744129,0.0429213980619783,0.4069382802007342,0.0094149293880295,0.0008966599417171,0.0004483299708585,0.0071813285457809,1.0,0.7948716130296244,-0.006377547748233101,0.045590103218328036,17.400785854616895,0.23032629558541268,-0.006544750179074688,-0.0014848592895368995,-0.0012789083408518993,-0.00021900402980879998,0.4511216613211219,-2.516448809012537,-1.0115614042180503,-1.9783594421068476,-9.940986,-3.9868824,0,0,0,Linguistic Strategists
COST_2022-Q3,COST,2022-Q3,2022-05-26,retail,0.0124088729832487,-0.0172046845591374,0.0146025181944806,0.1186824271062657,-0.0369270212456512,0.4581367433859408,0.0092134831460674,0.0004494382022471,0.0012359550561797,0.0136986301369863,4.0,0.7090907943471326,-0.0047543281464512005,0.31039373235298506,17.914405010438415,0.22409975527327816,-0.046272251168147205,-0.00020144624196210062,0.0065173015912054,0.0007876250853211999,-0.08578081868249177,-0.9913758948385154,0.20840626379676763,-0.03981368712939026,-12.905853,-6.055792,0,0,0,Linguistic Strategists
COST_2022-Q4,COST,2022-Q4,2022-09-22,retail,-0.0426340380231443,-0.018207405885473,-0.0193773165530901,0.1004916879127403,0.0412239533554281,0.4363143161457439,0.0066847949240879,0.000679809653297,0.0005665080444142,0.0121527777777777,0.0,0.7499997931406959,-0.0006421668637567003,0.04555925555580171,16.85603112840467,0.2257617728531856,-0.0181907391935254,-0.0025286882219794993,-0.0015458523592086007,-0.0006694470117654999,0.040908998793563245,-2.4632390507672595,-1.0617947588561323,-2.7342391279869496,-9.733361,-3.166697,0,0,0,Linguistic Strategists
COST_2023-Q1,COST,2023-Q1,2022-12-08,retail,0.0033234920244392,0.014083455357627,-0.047339076742368,0.1149582945480942,-0.0377349907733989,0.4151861141429779,0.0074626865671641,0.0009045680687471,0.0004522840343735,0.0141093474426807,0.0,0.9999996841429569,-0.0020800330168952,0.042952880680416305,17.238,0.21673047917391808,0.014466606635353901,0.0007778916430762001,0.0019565696649030007,-0.00011422401004070005,0.24999989100226105,-2.6092810596959066,-0.5481496673479331,-1.9708770964378277,-10.174766,-4.259788,0,0,0,Linguistic Strategists
CVX_2020-Q4,CVX,2020-Q4,2021-01-29,energy,0.0142019691724235,0.0441314172814389,0.0676055468568359,0.1185033254159558,-0.0034060041684599,0.4426157745107348,0.0083372809095215,0.0010421601136901,0.001989578398863,0.0348189415041782,2.0,0.7708331638303291,-0.0037030436899754,0.11092893229569563,16.04610492845787,0.23531160210046567,-0.004069053800501987,0.0002558263689756996,-0.0010312767035443038,-1.2801328871768605e-05,0.017045425359815014,-2.0862269043104913,0.5817981406992985,-0.8865983822582444,-8.780051,-5.797939,0,0,0,Linguistic Strategists
CVX_2021-Q1,CVX,2021-Q1,2021-04-30,energy,0.0238671836365981,0.0571456569010882,0.0352187968735685,0.143325471227952,0.0455842333121432,0.4175390762438256,0.0060081711127132,0.0015621244893054,0.0007209805335255,0.0350262697022767,2.0,0.7878785891901441,-0.004499882733105899,0.06741669436064537,15.672549019607843,0.24296259226823472,0.024822145811996196,-0.0023291097968083,0.00020732819809850256,-0.0012685978653375,0.017045425359815014,-1.86980285364669,-0.771655574061022,-2.6226634521745846,-9.970801,-2.233805,0,0,2,Linguistic Strategists
CVX_2021-Q2,CVX,2021-Q2,2021-07-30,energy,-0.0017678214379095,-0.0148315213566249,0.0026519600746403,0.2194523026078265,0.1694672270810368,0.3853269301822952,0.0076443608138304,0.000470422203928,0.000705633305892,0.0288288288288288,2.0,1.1071425209273948,-0.000753012794773,0.13310763658351563,16.76954732510288,0.2452760736196319,0.0761268313798745,0.0016361897011171996,-0.006197440873447899,-1.5347227633500022e-05,0.31926393173725076,-0.7293160949838607,-1.4758192303177111,-0.5854215760625492,-7.5155587,1.2678604,3,0,2,Linguistic Strategists 2
CVX_2021-Q3,CVX,2021-Q3,2021-10-29,energy,0.000349403745867,-0.0129268187132906,0.0131891114977908,0.2254624343772847,0.1952316670376562,0.419306458431602,0.0080967612954818,0.0008996401439424,0.0005997600959616,0.0652557319223985,0.0,0.7391302740378259,-0.0032970611698856,0.11205234862624214,19.150793650793652,0.21767509324492335,0.0060101317694581935,0.0004524004816513997,0.036426903093569704,-0.00010587320993040003,-0.3680122468895689,0.07659949987936912,0.17562525098545198,0.8180009021898637,-2.367854,1.5664303,4,0,2,Measured Reporters
CVX_2021-Q4,CVX,2021-Q4,2022-01-28,energy,0.005512574229925,0.0367506103959777,0.0446364904187776,0.1701157267148397,-0.0209720832733425,0.4578588323609347,0.0092250922509225,0.0028828413284132,0.0006918819188191,0.0576576576576576,2.0,0.5609754911029455,-0.0065370796694851005,0.11105576014006972,17.06326530612245,0.24052146872383687,-0.05534670766244498,0.0011283309554407008,-0.007598074264740899,9.212182285750004e-05,-0.1781547829348804,-2.2781064417863335,1.6180226509973952,-0.24744892468185656,-7.788627,-8.494752,0,0,1,Linguistic Strategists
CVX_2022-Q1,CVX,2022-Q1,2022-04-29,energy,0.0196592983042461,0.069700753420576,0.0262334426870006,0.153857449648305,-0.0029416858615811,0.3878618233129069,0.0101569713758079,0.0011542012927054,0.0010387811634349,0.03125,5.0,0.6326529493611143,-0.0052392179007553,0.031475946070568375,16.172815533980582,0.24180573898427182,-0.01625827706653471,0.0009318791248853989,-0.026407657657657603,0.00034689924461580007,0.07167745825816874,-3.433654463947514,0.20500658438811475,-0.8442233134635788,-9.057485,-7.045747,0,0,0,Linguistic Strategists
CVX_2022-Q2,CVX,2022-Q2,2022-07-29,energy,-0.0199657824937716,-0.0514102513183159,-0.0511047766258361,0.2640412501300926,0.1307154301137138,0.4149656885560464,0.0061226644146521,0.0010556317956296,0.0011611949751926,0.0444078947368421,0.0,0.7435895629737372,0.0017228967919648,0.08685878766884245,16.872222222222224,0.2361980024146636,0.11018380048178761,-0.0040343069611558,0.013157894736842098,0.00012241381175769994,0.11093661361262297,0.27100576093247686,-1.4678544458954197,-2.263808888332448,-8.994054,-0.21383494,3,0,2,Linguistic Strategists 2
CVX_2022-Q3,CVX,2022-Q3,2022-10-28,energy,0.0051118158337115,-0.0082229814854719,0.0297814453102446,0.1719322129453967,0.080601926826886,0.4238477920125338,0.0093267966040894,0.0015544661006815,0.0019131890469927,0.0442655935613682,1.0,0.7358489404923656,-0.0087370169477998,0.10263278922066436,17.12473572938689,0.24666666666666667,-0.0921090371846959,0.0032041321894373,-0.00014230117547389676,0.0007519940718000999,-0.0077406224813716396,-2.273141750924866,1.2918610330893787,1.4199345055041517,-7.3925595,-8.28324,0,0,1,Linguistic Strategists
GS_2020-Q3,GS,2020-Q3,2020-10-14,finance,-0.0124508225890159,-0.0262273221506044,-0.0293044253585404,0.2735768728179781,0.2741637678832502,0.5039692320201383,0.0128373067854335,0.0010479434110558,0.0020958868221116,0.0378006872852233,3.0,0.9814812733529211,-2.3416045702500873e-05,0.14666065573588147,20.912639405204462,0.21500311083459248,-0.004069053800501987,0.0002558263689756996,-0.0010312767035443038,-1.2801328871768605e-05,0.017045425359815014,0.4998353980286226,0.809652678072148,1.2731181768476998,7.4043493,2.1908948,4,0,1,Measured Reporters
JNJ_2019-Q2,JNJ,2019-Q2,2019-07-16,healthcare,-0.0048303089266018,-0.0165284808777849,-0.0104152623689844,0.3159652608487985,0.0845993912572915,0.5123437880915916,0.0066760365425158,0.0021082220660576,0.0005270555165144,0.0552845528455284,3.0,1.1944440667346767,-0.0017042143078344002,0.16785601356708274,19.9787610619469,0.22563784549964563,-0.004069053800501987,0.0002558263689756996,-0.0010312767035443038,-1.2801328871768605e-05,0.017045425359815014,1.062035836450061,0.45447122171105125,-0.17460173260100437,3.4924545,2.2749674,2,0,1,Confident Optimists
JNJ_2020-Q4,JNJ,2020-Q4,2021-01-26,healthcare,-0.0152509669728496,-0.0431134959685524,-0.0498008389592723,0.2868126554295011,0.0014794899826592,0.5407190844245252,0.0082443004963405,0.0010095061832253,0.0014301337595692,0.0655172413793103,1.0,1.8124993267131664,-0.002629855859138301,0.08670775786491289,21.667889908256882,0.2265221441273605,-0.029152605419297428,0.0015682639538246992,0.010232688533781897,0.0009030782430548,0.6180552599784896,1.4101481877000461,1.9847059584209141,0.2351777219936417,5.180995,2.7285426,2,0,1,Confident Optimists
JNJ_2021-Q1,JNJ,2021-Q1,2021-04-20,healthcare,0.0006609370677509,-0.0057663645516504,-0.0136951817772198,0.3330006968737314,0.0877628772176745,0.469890267029605,0.0104557111856381,0.0010850266324718,0.0016768593410929,0.048689138576779,2.0,0.8888886886321339,-0.0013556865045177002,0.09244237438420426,20.35569105691057,0.24672990514228657,0.04618804144423033,0.0022114106892976004,-0.016828102802531296,0.0002467255815237,-0.9236106380810325,-0.7277506994995268,-0.0474005491320927,2.042107664786488,-0.7727214,-3.2203772,4,0,3,Measured Reporters
JNJ_2021-Q2,JNJ,2021-Q2,2021-07-21,healthcare,0.0028909196336911,0.0140421689552383,0.0159892304769424,0.3690884027782821,0.2569487231809424,0.4866567036354143,0.0079475982532751,0.0006113537117903,0.0009606986899563,0.0508196721311475,2.0,1.1860461958086375,0.0002620155038759002,0.2203985548618085,20.09625668449198,0.23762639701969132,0.03608770590455068,-0.002508112932362999,0.0021305335543684994,-0.0007161606511366,0.2971575071765036,2.59074832359668,-1.1819423143890566,-0.319262374778517,0.63792723,5.196893,3,0,2,Linguistic Strategists 2
JNJ_2021-Q3,JNJ,2021-Q3,2021-10-19,healthcare,-0.0005490560325293,-0.0009151640102298,-0.0062243652910145,0.2800408674748959,0.0045179292369125,0.5304490952666779,0.009116324298043,0.0031603257566549,0.002552570803452,0.0296803652968036,1.0,1.1999996709200793,-0.0006384577442388999,0.09367752493154435,20.11604938271605,0.2691788388363815,-0.08904753530338616,0.0011687260447678996,-0.0211393068343439,0.0015918721134957,0.013953475111441849,-0.8546874583634628,2.2098026037974394,0.549540910349686,-5.103506,-9.588516,4,0,1,Measured Reporters
JNJ_2021-Q4,JNJ,2021-Q4,2022-01-25,healthcare,0.0044743214955709,0.0248167481953635,0.0306032519980583,0.3295250616253607,0.1248761951834029,0.5079189987508159,0.0100575947734892,0.0006017364394395,0.0016332846213358,0.0663176265270506,2.0,1.7906971899725337,0.0004739008177544,0.28717115857161113,21.030741410488247,0.2230438521066208,0.04948419415046479,0.000941270475446199,0.036637261230247006,-0.0009192861821162,0.5906975190524544,3.671694506144277,1.2089964475747825,0.6179195269645444,5.6509457,5.999261,2,0,1,Confident Optimists
JNJ_2022-Q1,JNJ,2022-Q1,2022-04-19,healthcare,0.0044241355661617,-0.0084116233851872,0.0020755042111469,0.2807065721156562,0.0126751866580593,0.4869733363924051,0.0079365079365079,0.0002300437083045,0.0018403496664366,0.0442105263157894,4.0,1.0606057811846532,0.0007844430170360992,0.10250861637077367,19.29954954954955,0.26024040144707666,-0.04881848950970452,-0.0021210868369812997,-0.0221071002112612,0.00020706504510080003,-0.7300914087878805,-0.4642298202609234,0.045589720297134706,0.004421886832649025,2.0509546,-5.4747186,4,0,4,Measured Reporters
JNJ_2022-Q2,JNJ,2022-Q2,2022-07-19,healthcare,-0.0057076082501279,0.0025046157623884,0.0146191015455824,0.3152632283244804,0.0846003520824424,0.5087628267470009,0.0071866163996229,0.0021206409048067,0.0021206409048067,0.0586907449209932,5.0,1.814814244291011,0.0001582292137159002,0.12983272325978837,20.32125603864734,0.24248187329133483,0.0345566562088242,-0.0007498915368849999,0.0144802186052038,0.00028029123837010014,0.7542084631063577,2.448759689682377,1.8001909993116754,-1.0090433190733918,4.5778837,1.9634976,2,0,1,Confident Optimists
JNJ_2022-Q3,JNJ,2022-Q3,2022-10-18,healthcare,-0.0079512557174738,0.0162641914846252,0.0379494065645438,0.3221079605555268,0.0644879375210664,0.4898530399187706,0.0090274434280211,0.0007221954742416,0.0008425613866153,0.0534883720930232,1.0,1.2068962059691886,-0.0027123406715197,0.10943971408226859,20.389578163771713,0.26153097237434586,0.006844732231046424,0.001840827028398201,-0.005202372827970002,-0.0012780795181914,-0.6079180383218223,-0.11238796215482633,-0.12873369499833115,1.1555771153873384,-0.5406316,-1.8821905,4,0,3,Measured Reporters
JNJ_2022-Q4,JNJ,2022-Q4,2023-01-24,healthcare,0.0071295321143456,-0.0004752622029561,-0.0164578508323678,0.2706008705906896,0.1193864629583197,0.4811011750351065,0.0106150142263077,0.0006565988181221,0.0014226307725979,0.1002087682672233,4.0,1.7931028832629659,-0.0024868675471964013,0.19405746776172084,20.035087719298247,0.23248686514886166,-0.051507089964837216,0.0015875707982866,0.0467203961742001,0.0005800693859825999,0.5862066772937773,2.7635241917770648,3.4202022896490134,1.3124625635107445,6.764781,5.118561,2,0,1,Confident Optimists
JPM_2020-Q4,JPM,2020-Q4,2021-01-15,finance,-0.0043278384072671,-0.0274811834751242,-0.0777553728659153,0.1195217496306327,0.1862764432717024,0.4399470684128695,0.00909226412282,0.0011179013265762,0.0014905351021016,0.03690036900369,6.0,1.2698409993852924,0.0006258491337179008,0.08073581902754168,18.697350069735005,0.19976130091004027,-0.004069053800501987,0.0002558263689756996,-0.0010312767035443038,-1.2801328871768605e-05,0.017045425359815014,-0.8147354504203741,0.908175551502599,-0.7077221591124084,-5.6838703,-5.573976,0,0,0,Linguistic Strategists
JPM_2021-Q1,JPM,2021-Q1,2021-04-14,finance,0.0063488097713526,0.0095230429035588,-0.0067456747896134,0.1470204006044942,0.1977982230070123,0.4465031958792311,0.0102452654455138,0.0004139501190106,0.0026906757735692,0.0352564102564102,6.0,0.9399998183356335,-0.002296723016871699,0.08082353359528759,17.56822429906542,0.22225768698797743,0.027498650973861505,0.0011530013226937995,-0.0016439587472798015,0.0012001406714676,-0.32984118104965887,-1.4079760159998116,0.8589803814717916,0.9737416638843689,-5.0073214,-6.4952674,0,0,0,Linguistic Strategists
JPM_2021-Q2,JPM,2021-Q2,2021-07-13,finance,-0.0034051145067632,-0.0240282433831805,-0.0303240775814883,0.1040851855437913,0.1979418288992186,0.4284770979687326,0.0103980226710986,0.0003409187761015,0.0017045938805079,0.0252996005326231,6.0,0.6140349613250412,-0.006095379809751,0.05672726382893048,17.292237442922374,0.21168911187395476,-0.0429352150607029,0.00015275722558480073,-0.0099568097237871,-0.0009860818930613,-0.3259648570105923,-2.7342181649616273,0.018348748780163796,0.010307454254728446,-7.0665574,-6.1037803,0,0,0,Linguistic Strategists
JPM_2021-Q3,JPM,2021-Q3,2021-10-13,finance,0.0153415429247753,0.0344717601504628,0.0669565574132899,0.1224292977480648,0.234909405112975,0.4412041531700081,0.0087918907736863,0.0008274720728175,0.0010343400910219,0.0335463258785942,2.0,0.8684208316870267,-0.0034077678551156006,0.084986476871492,17.338262476894638,0.23187633262260127,0.018344112204273497,-0.001606131897412301,0.008246725345971099,-0.000670253789486,0.25438587036198546,-1.0794890249175555,-0.33665859702008255,-1.3446217818146966,-8.6772375,-1.9917446,0,0,2,Linguistic Strategists
JPM_2021-Q4,JPM,2021-Q4,2022-01-14,finance,-0.0419280935345113,-0.0647921354754248,-0.0631453616697075,0.1431480077211314,0.2624394911134539,0.4303659229338893,0.0111200428724544,0.0008708467309753,0.0012727759914255,0.0302690582959641,9.0,0.5731706273623026,-0.00038390610517440027,0.08215363479078362,17.98027127003699,0.19743519407488686,0.0207187099730666,0.0023281520987681013,-0.003277267582630101,0.00023843590040359994,-0.29525020432472404,-1.9285571474038987,0.6979861928181021,0.7763022341947634,-5.74425,-5.992396,0,0,0,Linguistic Strategists
JPM_2022-Q1,JPM,2022-Q1,2022-04-13,finance,-0.0092692830479375,0.0300078705776744,-0.0041633552057756,0.0566497011081196,-0.0225518518551859,0.4326703280288068,0.0143377885783718,0.0002430133657351,0.0009720534629404,0.0168634064080944,4.0,0.6041665630772693,-0.0039039745966724,0.03814208084292325,15.492217898832685,0.24978023358030893,-0.0864983066130118,0.0032177457059174,-0.013405651887869699,-0.0003007225284851,0.030995935714966727,-4.926424992569829,1.6051590120819585,-0.04421912541574553,-10.185859,-8.14134,0,0,0,Linguistic Strategists
JPM_2022-Q2,JPM,2022-Q2,2022-07-14,finance,0.0458330873233824,0.060740515522182,0.0668515576730233,0.0576345864989997,0.1092449102563678,0.479146324660011,0.0125255623721881,0.0005112474437627,0.0011503067484662,0.015358361774744,2.0,0.6410255124260469,-0.005649842151306499,0.1322613519447393,15.683127572016462,0.24180005247966413,0.000984885390880097,-0.0018122262061837004,-0.0015050446333503987,0.00017825328552580012,0.03685894934877754,-2.812338727720347,0.2571844041066387,-1.1325872785096365,-11.085799,-6.4609027,0,0,0,Linguistic Strategists
JPM_2022-Q3,JPM,2022-Q3,2022-10-14,finance,0.0420002407865215,0.0478459527202089,0.1035164230878766,0.0223193552641367,0.1211856736236505,0.4701822713112917,0.0148942093541202,0.0002783964365256,0.0008351893095768,0.0374220374220374,4.0,0.521739048952753,-0.008487704679914498,0.07598229099836175,16.08409090909091,0.25010597710894444,-0.03531523123486299,0.0023686469819321,0.022063675647293404,-0.00031511743888940004,-0.11928646347329386,-3.679953605403557,2.1692195933567255,0.7632784254781646,-10.737695,-8.13652,0,0,0,Linguistic Strategists
META_2019-Q2,META,2019-Q2,2019-07-24,tech,-0.0193002595474672,-0.0426073080108802,-0.0764195629404298,0.2266337706000558,0.1430655429015922,0.3810768214993661,0.008091572922834,0.0037032542370279255,0.0017761989342806,0.05,6.0,1.0199997932664324,0.0036657999903703005,0.07978724938124639,20.90909090909091,0.21193124368048533,-0.004069053800501987,0.0002558263689756996,-0.0010312767035443038,-1.2801328871768605e-05,0.017045425359815014,0.07716462280259828,1.6374036210056733,-0.6799498409147493,-3.4077528,-9.130197,1,0,1,Cautious Hedgers
META_2020-Q1,META,2020-Q1,2020-04-29,tech,0.0541737920775409,0.0570061379504888,0.0935168303828311,0.1660220230290993,0.0874854100602744,0.4495820474720211,0.0089845382365231,0.0006268282490597,0.0010447137484329,0.0428265524625267,4.0,0.5849055547411961,-0.0011002307749147996,0.08944203003900651,21.284738041002278,0.2265625,-0.0606117475709565,0.0008929653136890998,-0.0071734475374733014,-0.0007314851858477001,-0.4350942385252363,-1.3549540334156625,0.4842302945618749,0.5233557731027061,-2.349484,-4.7668343,4,0,3,Measured Reporters
META_2020-Q4,META,2020-Q4,2021-01-27,tech,-0.026236631374894,-0.0372233472034343,-0.0148451935562291,0.1722903481297532,0.1123474959054858,0.406428048420583,0.006183654539833,0.0009275481809749,0.0011336699989693,0.058252427184466,10.0,1.0270267576961951,-0.0011479285224888,0.05356710042318755,19.520576131687243,0.23231790871719193,0.006268325100653893,-0.0028008836966901002,0.0154258747219393,8.895625053640006e-05,0.442121202954999,0.4299702827879488,1.0239954524513943,-1.9786483697436572,7.5797324,-3.44699,2,0,1,Confident Optimists
META_2021-Q1,META,2021-Q1,2021-04-28,tech,0.072972755613364,0.0504070277932264,0.0390100893376956,0.2322412247672939,0.2015024738519444,0.3847048592846705,0.0047628908676744,0.000724787740733,0.0012424932698281,0.0396975425330812,4.0,1.2258060697149782,0.0006775618113608996,0.0955377634039429,18.401174168297455,0.2176964798468574,0.0599508766375407,-0.0014207636721585998,-0.0185548846513848,0.0001088232708588001,0.19877931201878307,0.33751248092019287,-1.7577575745268144,-1.4797197213273188,-6.7405,1.2847397,3,0,2,Linguistic Strategists 2
META_2021-Q3,META,2021-Q3,2021-10-25,tech,-0.039185713015772,-0.0358087894709754,0.0089141124674243,0.1882364853673463,0.107836608201453,0.4187061134101204,0.0057306590257879,0.0006139991813344,0.0006139991813344,0.0867052023121387,13.0,2.5909079400749415,0.0014992615895782005,0.08045176320570356,19.572895277207394,0.21842215694502728,-0.04400473939994759,0.0009677681581135005,0.0470076597790575,-0.0006284940884937001,1.3651018703599633,2.9665039712367993,3.4508272097825823,-2.0291412625886363,8.932349,-4.05434,2,-1,1,Confident Optimists
META_2021-Q4,META,2021-Q4,2022-02-02,tech,-0.2639008380682238,-0.3036841064324076,-0.3202785923851401,0.161890850513527,0.161591925444559,0.443531658224245,0.0068816762530813,0.0009244042728019,0.0012325390304026,0.0934959349593495,14.368747708840424,1.2142854328027697,-0.003588286088579499,0.09741411017969091,20.522776572668114,0.21858154529119544,-0.0263456348538193,0.0011510172272933992,0.0067907326472108065,0.0006185398490682001,-1.3766225072721718,0.2455189569972508,2.440999315272193,1.8976968236270566,9.210579,-1.9250488,2,0,1,Confident Optimists
META_2022-Q1,META,2022-Q1,2022-04-27,tech,0.1759362292327162,0.2068021202422906,0.1647329738884888,0.1670142334081122,0.1421584004883824,0.44827103024903,0.0072478562678644,0.0015312372396896,0.0007145773785218,0.0733197556008146,14.368747708840424,1.512194760647347,-0.0027989458956490998,0.11569530039729439,20.1656050955414,0.21857233101705623,0.005123382894585193,0.00036618001478310076,-0.0201761793585349,-0.0005179616518808,0.29790932784457724,0.7198894216779039,1.6911004737561437,-0.9799006391240934,8.385515,-2.3139505,2,0,1,Confident Optimists
META_2022-Q2,META,2022-Q2,2022-07-27,tech,-0.0522465643607634,-0.0569054670963974,-0.0145653510545875,0.165971992753285,0.0822103723369586,0.4668201286257964,0.0063227619429947,0.0007025291047771,0.0005018065034122,0.0594795539033457,9.0,1.6774188156838516,0.0007012022296158998,0.11123457953818719,18.98624754420432,0.22237168874172186,-0.0010422406548271923,-0.0009250943248697002,-0.013840201697468905,-0.00021277087510960006,0.16522405503650472,0.4992770814377138,0.7772387528077551,-1.7218466081155184,7.857868,-2.55419,2,0,1,Confident Optimists
MSFT_2021-Q2,MSFT,2021-Q2,2021-01-26,tech,0.0024534425270643,-0.0015924771797876,0.0416648915687893,0.3817611031005973,0.3348611919789083,0.4468599724207579,0.008647140864714,0.001255230125523,0.001255230125523,0.0717948717948717,0.0,1.1666663181251042,0.002769237285903601,0.20390336945558576,19.74373259052925,0.2552200902934537,-0.004069053800501987,0.0002558263689756996,-0.0010312767035443038,-1.2801328871768605e-05,0.017045425359815014,2.311471877328878,-0.25113450728435716,1.3769359486188952,1.2583503,4.051382,3,0,2,Linguistic Strategists 2
MSFT_2021-Q3,MSFT,2021-Q3,2021-04-27,tech,-0.0282856200429204,-0.0373706929989656,-0.0467228507956031,0.326155134206204,0.2174247843924787,0.4399646419052522,0.0083352899741723,0.0011739845034045,0.0011739845034045,0.0495867768595041,1.0,1.3793099396909612,0.0014777091526801001,0.1798035185116502,18.716186252771617,0.2605141570903921,-0.05560596889439329,-0.0003118508905417001,-0.022208094935367607,-8.124562211849992e-05,0.21264362156585692,0.9417303161558969,-0.40993478181599263,0.12593302980838195,1.6118687,3.595355,3,0,2,Linguistic Strategists 2
MSFT_2021-Q4,MSFT,2021-Q4,2021-07-27,tech,-0.0011167786102955,-0.0056884284018117,0.0103997170458398,0.3470015657057456,0.2104668786343825,0.4631421932723077,0.0076998288926912,0.0021999511121975,0.0030554876558298,0.0581896551724137,2.0,1.8999992227103917,0.0014456421533937,0.16632822337111902,18.626146788990827,0.2537864794975988,0.020846431499541573,-0.0006354610814810991,0.008602878312909602,0.0018815031524253001,0.5206892830194305,2.6067875492563757,1.3931155156563733,0.2585028757477303,4.2598987,0.6315283,2,0,4,Confident Optimists
MSFT_2022-Q1,MSFT,2022-Q1,2021-10-26,tech,0.0421141039151574,0.069362249819214,0.084905293307199,0.3151707055752174,0.2269426457926807,0.4685561172016456,0.0073062642232602,0.0011977482333213,0.0023954964666427,0.053763440860215,1.0,1.9130427838263282,0.0017364474158141994,0.15429284104785468,19.28271028037383,0.25978432085302317,-0.03183086013052816,-0.0003935646694310001,-0.004426214312198702,-0.0006599911891871,0.01304356111593652,1.8741228684159987,0.3132203616291163,0.24546275579454305,2.3902142,4.042596,2,0,2,Confident Optimists
MSFT_2022-Q2,MSFT,2022-Q2,2022-01-25,tech,0.0284929867690704,0.0685290815820573,0.044230171822925,0.3664962759171173,0.1752737966909924,0.4561967844404487,0.0067420866186721,0.0007999085818763,0.0021711804365215,0.0524017467248908,1.0,2.2222211418524527,0.0018162511028169005,0.17277562850705525,20.34433962264151,0.2616508230929747,0.051325570341899884,-0.0005641776045881,-0.0013616941353241999,-0.00022431603012120025,0.3091783580261245,2.9989305312210055,-0.44413711626037405,-0.1277685956030397,2.5594656,4.5467887,2,0,2,Confident Optimists
MSFT_2022-Q3,MSFT,2022-Q3,2022-04-26,tech,0.0481088864486637,0.0270153241523687,0.0263858363373709,0.2520837002449622,0.1481921356990889,0.5020366007159746,0.0093038528896672,0.0013134851138353,0.0018607705779334,0.0699029126213592,1.0,1.3714282134466278,0.0002648515134007993,0.11278777404981724,19.12923728813559,0.24155498947834755,-0.11441257567215513,0.0025617662709951005,0.0175011658964684,-0.0003104098585880999,-0.8507929284058249,-0.028642372392709652,2.3665834174532683,2.1782485148307082,0.6606199,-0.7488462,4,0,3,Measured Reporters
MSFT_2022-Q4,MSFT,2022-Q4,2022-07-26,tech,0.0668518757416613,0.1144896322796051,0.1260422305428171,0.2035354516147289,0.0914322799655391,0.5422280745089626,0.0071792496526169,0.0016211208893006,0.0015053265400648,0.0728051391862955,1.0,2.749998515688315,0.0031652754073016997,0.18409401309983583,19.390519187358915,0.23969732246798603,-0.04854824863023327,-0.0021246032370503005,0.0029022265649363,-0.0003554440378686001,1.378570302241687,3.2810437731212763,2.3304854809681768,-2.699131579127236,4.5695333,3.8254998,2,0,1,Confident Optimists
MSFT_2023-Q1,MSFT,2023-Q1,2022-10-25,tech,-0.0771564704198958,-0.0590042768680004,-0.145256515601785,0.2416142907656603,0.1318748735357628,0.5292575745002387,0.0088388023422826,0.0008838802342282,0.0007733952049497,0.0568627450980392,4.0,2.1249991986097196,0.0020070688222136,0.16447269261739972,18.93220338983051,0.23645926589077887,0.03807883915093138,0.0016595526896656995,-0.015942394088256297,-0.0007319313351151,-0.6249993170785952,0.8185726162928307,0.575976210799084,0.30842443303895617,2.538291,1.5446374,4,0,1,Measured Reporters
MSFT_2023-Q2,MSFT,2023-Q2,2023-01-24,tech,-0.0059082629634426,0.0252850260386171,0.0932077296398742,0.2086240031762796,0.0880763451158345,0.5503599274360359,0.0087935279634189,0.0011724703951225,0.0010552233556102,0.0641821946169772,4.0,2.2499988006100144,0.0029820978863398994,0.1647246138897943,19.11111111111111,0.24762695775984814,-0.03299028758938069,-4.5274378863698755e-05,0.007319449518938002,0.00028182815066050005,0.12499960200029481,1.6127640705739976,2.403778721611181,-0.6131199477148228,4.3310075,2.9639869,2,0,1,Confident Optimists
NVDA_2020-Q2,NVDA,2020-Q2,2019-08-15,tech,0.0725280834117661,0.1283863146814124,0.1121189096810954,0.2513619936142105,0.0893030393401025,0.398490823804544,0.0069112174375332,0.0006645401382243,0.0006645401382243,0.0345821325648415,0.0,0.7941174713252925,0.0009472850661990002,0.050928189531884244,22.513677811550153,0.2500337518563521,-0.004069053800501987,0.0002558263689756996,-0.0010312767035443038,-1.2801328871768605e-05,0.017045425359815014,-0.3994519745628408,-0.9392157683522729,-0.15249369497488185,-3.0436707,-3.890254,4,0,3,Measured Reporters
NVDA_2019-Q3,NVDA,2019-Q3,2019-11-14,tech,-0.0266934260498006,-0.0085798437466012,0.0544355240407631,0.1976016145530184,0.1575504413670767,0.4194985084958743,0.0081353305785123,0.0007747933884297,0.0012913223140495,0.0268096514745308,0.0,0.6086955497013434,-0.0005219520812249998,0.0895389328906963,22.284023668639055,0.25451407328730746,-0.05376037906119213,0.0012241131409791006,-0.007772481090310701,0.0006267821758252001,-0.1854219216239491,-1.0654796925724932,-0.3810876240504531,1.0477477455998594,-2.5919096,-3.9201243,4,0,3,Measured Reporters
NVDA_2021-Q4,NVDA,2021-Q4,2021-02-24,tech,-0.0821781931996814,-0.0453306625943305,-0.1405269933757254,0.2733502140740553,0.2016398898154369,0.416023700513363,0.0054872957175235,0.0013121794107121,0.001550757485387,0.0551181102362204,0.0,1.899999469076843,0.0008132832126793998,0.09963010419403867,22.016,0.25278585271317827,0.07574859952103691,-0.0026480348609888,0.028308458761689602,0.0002594351713374999,1.2913039193754994,3.270598095422011,-0.08864860462623161,-2.01866592643844,5.522072,-0.07911715,2,0,2,Confident Optimists
NVDA_2022-Q2,NVDA,2022-Q2,2021-08-18,tech,0.0398113302837547,0.153256442234232,0.188865807926341,0.2408516666262733,0.1510171504112471,0.3677737765762044,0.0093757417517208,0.0010681224780441,0.0018988844054118,0.0299145299145299,0.0,0.5964911398941325,-0.0039538360335488,0.13022432106981444,18.784580498866212,0.256277160791888,-0.032498547447781995,0.0038884460341972998,-0.025203580321690504,0.0003481269200248001,-1.3035083291827103,-2.4987816273251946,-1.0054278094977653,3.0165647229857715,-2.079221,-2.2493243,4,0,3,Measured Reporters
NVDA_2021-Q3,NVDA,2021-Q3,2021-11-17,tech,0.082498667925548,0.0921019497964214,0.140631200466084,0.2385667268959243,0.1269499783134738,0.3652735436825949,0.0099058940069341,0.00111441307578,0.0009905894006934,0.0299251870324189,1.0,0.6041665650156464,-0.0035334267931660997,0.06967304724714228,20.829396325459317,0.27154737903225806,-0.0022849397303489893,0.0005301522552132992,1.0657117889001366e-05,-0.0009082950047184001,0.007675425121513868,-1.3279155178582114,-0.6975102217940737,0.2205390587635176,-3.5477917,-3.1823778,4,0,3,Measured Reporters
NVDA_2022-Q4,NVDA,2022-Q4,2022-02-16,tech,-0.0755911193772967,-0.1177246603264542,-0.0801931980586478,0.2845526741454741,0.1509760458072958,0.4124566716785366,0.0086597938144329,0.0009621993127147,0.0019243986254295,0.0515970515970515,1.0,1.3947365750865983,-0.0023978823947603993,0.025164619889801423,18.48831168831169,0.278589491430177,0.04598594724954977,-0.001246100192501199,0.021671864564632604,0.0009338092247361,0.790570010070952,0.5997038566928311,0.5646625699782564,-0.8186445545524189,5.1303654,-0.72004706,2,0,2,Confident Optimists
NVDA_2023-Q1,NVDA,2023-Q1,2022-05-25,tech,0.0516052305283378,0.0999703386515512,0.1066861857475813,0.2098933641843924,0.1506038664254871,0.4309961252183885,0.0074791564492398,0.000367827366356,0.0024521824423737,0.0435684647302904,3.0,0.9142855012310812,-0.0008640047917392998,0.027513236893013895,17.570484581497798,0.2632568634825122,-0.0746593099610817,-0.0011806373651931006,-0.008028586866761105,0.0005277838169442,-0.4804510738555171,-1.3987194761717883,0.37249402849398455,0.2411178005362703,2.2414935,-5.4940214,4,0,4,Measured Reporters
NVDA_2023-Q2,NVDA,2023-Q2,2022-08-24,tech,0.0401228648270591,-0.0825107309824915,-0.2075835419258473,0.117004802458853,0.0541363769526012,0.4534516292295878,0.0100282849061455,0.0005142710208279,0.0012856775520699,0.0521920668058455,4.0,1.1794869442551528,0.004335834249827201,0.14724244548441584,17.004464285714285,0.26253609871357314,-0.09288856172553939,0.002549128456905701,0.008623602075555098,-0.0011665048903038,0.26520144302407156,-1.0695759440761397,2.3191983151558118,-0.3446017540872961,-0.8623735,-7.5078616,4,0,0,Measured Reporters
NVDA_2023-Q3,NVDA,2023-Q3,2022-11-16,tech,-0.0146448036266742,-0.0372720236696547,-0.0052168552958571,0.1602911211550235,0.1532586916453535,0.3919771321978914,0.0085706751054852,0.0006592827004219,0.0009229957805907,0.0526315789473684,1.0,0.9210524477562614,3.755302470249966e-05,0.13148851823633853,17.327906976744185,0.26868876660850893,0.0432863186961705,-0.0014576098006603005,0.0004395121415229006,-0.0003626817714792001,-0.2584344964988914,-0.6875553948725398,-0.5568610649110693,-0.7855747842832652,-8.227149,0.353855,4,0,2,Measured Reporters
PFE_2020-Q4,PFE,2020-Q4,2021-02-02,healthcare,-0.0042868005601444,-0.0020005862303324,-0.0160045498974865,0.28361365446743,0.2028051297243147,0.4068256144777309,0.013251454427925,0.001131221719457,0.0015352294764059,0.0472673559822747,2.0,1.9295771284444199,-0.004352879266136599,0.1501087841969445,19.7459807073955,0.2226836020192151,-0.004069053800501987,0.0002558263689756996,-0.0010312767035443038,-1.2801328871768605e-05,0.017045425359815014,0.6783506461825649,0.4705895555881388,0.9097767757092977,8.37934,2.7913454,1,0,1,Cautious Hedgers
PFE_2021-Q1,PFE,2021-Q1,2021-05-04,healthcare,0.0005006995084687,0.0005008220787278,0.0136451340955405,0.2412171075864209,0.3205813970396606,0.4167960694125186,0.0133238585894475,0.0025759459939598,0.0014212115828744,0.0776173285198556,5.0,1.3870965223236669,0.0002251234322806009,0.0999641070352378,21.302281368821294,0.23159303882195448,-0.04239654688100908,7.240416152250011e-05,0.0303499725375809,-0.00011401789353149999,-0.542480606120753,0.9589047483344161,2.8839969288846166,1.6498335927515706,8.591035,5.0289664,1,0,1,Cautious Hedgers
PFE_2021-Q2,PFE,2021-Q2,2021-07-28,healthcare,-0.0062703176840434,0.0209011705441149,0.0466789200505758,0.2417989610183257,0.2896806209085117,0.389149727061137,0.014065152372484,0.0023441920620806,0.0012933473445962,0.0542857142857142,2.0,1.603174288367174,-0.0024316288126476,0.15513800764802535,18.708841463414632,0.22406909476085718,0.0005818534319048108,0.000741293783036499,-0.0233316142341414,-0.0001278642382782,0.21607776604350715,-0.00444393925167469,0.6466099690070587,0.532012110341655,9.130104,2.5764503,1,0,1,Cautious Hedgers
PFE_2021-Q3,PFE,2021-Q3,2021-11-02,healthcare,-0.0138612745474828,0.0789150181499572,0.1137618999235474,0.2356153065624891,0.1971275993004782,0.4015922954317454,0.0123718628490632,0.0028985507246376,0.0010604453870625,0.0587467362924282,2.0,2.033332853975135,-0.0015261538598025995,0.10607440641520943,19.55167597765363,0.21244374598185584,-0.006183654455836601,-0.0016932895234207986,0.004461022006713999,-0.00023290195753369988,0.4301585656079612,0.9163413479370982,1.510820979183196,-1.1435521965868618,9.58987,3.059217,1,0,1,Cautious Hedgers
PFE_2021-Q4,PFE,2021-Q4,2022-02-08,healthcare,-0.004448810559732,-0.0177949679088697,-0.0541586059351125,0.2304238709004399,0.1790765546389874,0.4067002603784925,0.0127905546673225,0.0015988193334153,0.0010453818718484,0.0855855855855855,4.0,1.6666663052889672,0.0023050591872537003,0.10850277743891806,19.567436208991495,0.20914058618976653,-0.005191435662049215,0.0004186918182592994,0.026838849293157302,-1.5063515214099954e-05,-0.366666548686168,0.9054876450286811,2.5018575079322334,0.7243621840657469,8.4855,4.6356015,1,0,1,Cautious Hedgers
PFE_2022-Q2,PFE,2022-Q2,2022-07-28,healthcare,-0.0041405137958257,-0.0203075178523015,-0.0226736043736361,0.2713952256937622,0.2313437013451445,0.4274969138625317,0.0110904354298474,0.003349460364719,0.0008931894305917,0.0677540777917189,3.0,1.3484845739865228,0.0036479686758979,0.12355984642845404,17.670682730923694,0.23636363636363636,0.040971354793322284,-0.0017001192374751003,-0.017831507793866608,-0.00015219244125670012,-0.3181817313024444,0.29048157137673475,0.9157943136484713,-0.8318842609564762,10.173314,2.266966,1,0,1,Cautious Hedgers
PFE_2022-Q3,PFE,2022-Q3,2022-11-01,healthcare,-0.0195791254210819,-0.0080250309475154,-0.0046638380656959,0.2657121032705353,0.288111361135162,0.4026394895767953,0.012292738707833,0.0016199733180865,0.0012388031255955,0.0805008944543828,5.0,1.8474572985217688,0.0010018408245120996,0.14260992877833842,19.364990689013034,0.23877295893835945,-0.005683122423226883,0.0012023032779855999,0.012746816662663904,0.0003456136950038001,0.498972724535246,1.7446073984909034,2.158999329735341,0.7155520976390767,8.740236,4.1012697,1,0,1,Cautious Hedgers
PFE_2022-Q4,PFE,2022-Q4,2023-01-31,healthcare,-0.0043025878782351,-0.0022646561558323,-0.0185688346250241,0.2084325814511469,0.2788473711469409,0.4047235646435185,0.0126053793657165,0.0012043356081894,0.0012043356081894,0.0950292397660818,1.0,2.9107136383404133,-0.0033044667773097017,0.14825036877811726,19.345368916797486,0.22153696340176904,-0.05727952181938839,0.0003126406578835006,0.014528345311698998,-3.44675174061e-05,1.0632563398186445,2.679654587088356,2.4857228183144664,-0.09465578039196808,9.721872,4.4607778,1,0,1,Cautious Hedgers
TGT_2019-Q3,TGT,2019-Q3,2019-11-20,retail,0.0096495369189747,-0.0098075187189856,-0.0193782433695697,0.4177329390736607,0.1912059763176881,0.410583294905861,0.0053124698155124,9.659036028204386e-05,0.0005795421616922,0.0482625482625482,0.0,1.378377992693313,-0.0028018241765604005,0.1774468112883108,21.05,0.21357878068091846,-0.004069053800501987,0.0002558263689756996,-0.0010312767035443038,-1.2801328871768605e-05,0.017045425359815014,2.092013895936075,-2.2943853197645456,0.8928158843010782,-1.2423738,5.7762127,3,0,2,Linguistic Strategists 2
TGT_2020-Q4,TGT,2020-Q4,2021-03-02,retail,0.0006915606812711,-0.0050724282415521,0.033604315810609,0.3384303632634359,0.0777728283385087,0.4028486396070249,0.0057772599281483,0.0003883872220603,0.0013108068744538,0.0328867235079171,0.0,1.402984643303309,-0.0005760779985394997,0.1690170100105141,25.609802297421467,0.1774282422481591,-0.07930257581022482,0.00046479011263590025,-0.015375824754631104,0.0007312647127616,0.024606650609996006,1.7691561166314067,-1.4555438397555707,1.06214105313971,0.64124954,8.429901,3,0,2,Linguistic Strategists 2
TGT_2021-Q1,TGT,2021-Q1,2021-05-19,retail,0.0126931895319055,0.029222060060826,0.0361165518883093,0.3982010548091168,0.2530054900678999,0.418676757915293,0.0056675648053516,0.0001858217968967,0.0008361980860354,0.0307101727447216,2.0,1.162161824098705,-0.0018622407429030995,0.10753249475300769,21.421810699588477,0.22293727787916626,0.059770691545680876,-0.00010969512279670069,-0.0021765507631954957,-0.00047460878841840007,-0.24082281920460402,1.3358569250324102,-2.721554486581857,0.6394679391374791,-1.814508,5.396846,3,0,2,Linguistic Strategists 2
TGT_2021-Q2,TGT,2021-Q2,2021-08-18,retail,-0.0087649800124895,0.0199933870581754,0.0064622743705314,0.3607670785254036,0.2008628321987066,0.4389389184296052,0.0068779383597422,8.706251088281386e-05,0.0012188751523593,0.0470588235294117,4.0,0.8888886620049876,-0.0015052723929256002,0.14528727978830708,20.041516245487365,0.2203908853463028,-0.0374339762837132,0.0012103735543906,0.0163486507846901,0.00038267706632390004,-0.27327316209371744,0.9704134491867212,-0.4657156484576426,1.6890855516988268,-1.1543014,3.013739,3,0,2,Linguistic Strategists 2
TGT_2021-Q3,TGT,2021-Q3,2021-11-17,retail,-0.006895110523928,-0.0363673320176779,-0.0182821302217953,0.4150503432117891,0.2380351142263375,0.4447794417522432,0.0057246445949813,9.541074324968993e-05,0.0017173933784944,0.0412371134020618,0.0,1.2999996593676024,-0.0073081035178876996,0.19609627785132255,22.163755458515283,0.2269727120480741,0.0542832646863855,-0.0011532937647608993,-0.005821710127349902,0.0004985182261351001,0.4111109973626148,2.7741573611039447,-2.58446630490849,0.9307086264190247,-0.48751485,6.038926,3,0,2,Linguistic Strategists 2
TGT_2021-Q4,TGT,2021-Q4,2022-03-01,retail,0.0249283162475035,0.0212825359259023,-0.0211911377542462,0.3148050273680446,0.16980511090191094,0.3695233346256577,0.0044913010590015,0.0001418305597579,0.0013237518910741,0.0311942959001782,2.0,1.5333327927824152,0.0044913010590015,0.12317779769396424,19.12652296157451,0.17929243433947473,-0.10024531584374446,-0.0012333435359798,-0.0100428175018836,-0.0003936414874203,0.23333313341481277,1.0051274388943428,-1.6047077382898487,-1.0502720311906053,-7.165149,6.528853,3,0,2,Linguistic Strategists 2
TGT_2022-Q1,TGT,2022-Q1,2022-05-18,retail,-0.050615740828576,-0.0477074937098919,0.0342182092156447,0.2812363739855804,0.1411522794279948,0.5227473673196009,0.0092372416316078,0.0,0.0012804097311139,0.0628571428571428,4.0,0.8979589833003253,-0.005680972805461201,0.12072425870061418,22.04564315352697,0.2199322416713721,-0.03356865338246423,0.004745940572606299,0.031662846956964606,-4.334215996020007e-05,-0.6353738094820899,0.3268307535577157,1.4968251302441955,3.451807819434674,0.21775353,0.11330726,4,0,3,Measured Reporters
TGT_2022-Q2,TGT,2022-Q2,2022-08-17,retail,-0.0130602986321952,-0.0763089458097357,-0.0839511801827169,0.2733207520634473,0.1831353183893374,0.4826118838735072,0.0075117370892018,0.0003129890453834,0.0014866979655712,0.0585197934595524,6.0,1.340908701436068,-0.0024291421541121003,0.18875543739855308,22.295495495495494,0.20389526426377888,-0.007915621922133076,-0.0017255045424059996,-0.004337349397590409,0.00020628823445729993,0.4429497181357428,2.3807780855004976,0.07944813464135046,-0.06704545097964609,1.1260234,6.243781,2,0,1,Confident Optimists
UNH_2020-Q4,UNH,2020-Q4,2021-01-20,healthcare,0.0118574218231759,-0.0086361677661752,-0.0491961415708394,0.3050438656478815,0.3201034094907583,0.3906804190791986,0.006727741196679,0.0005725737188663,0.0008588605782994,0.0297482837528604,0.0,1.833332621796618,-0.005755631487914499,0.15428855589076523,17.539641943734015,0.26815398075240593,-0.004069053800501987,0.0002558263689756996,-0.0010312767035443038,-1.2801328871768605e-05,0.017045425359815014,0.6865607901731973,-1.9589409914673392,0.5015530877465622,-4.3407173,4.400959,3,0,2,Linguistic Strategists 2
UNH_2021-Q1,UNH,2021-Q1,2021-04-15,healthcare,0.0025641244228631,0.0167176172517032,0.0149998465515007,0.3053714242843232,0.246429131257791,0.388159352832712,0.0082093381221139,0.0007696254489481,0.000128270908158,0.0352422907488986,0.0,0.6842103859446163,-0.006461125541435601,0.02715348526227883,19.614987080103358,0.2467395600052694,0.0003275586364416827,0.0014815969254349005,0.005494006996038199,-0.0007305896701414001,-1.1491222358520017,-1.6963155325233565,-1.878445768755228,1.8085321022518739,-3.4278805,-1.0383328,4,0,3,Measured Reporters
UNH_2021-Q2,UNH,2021-Q2,2021-07-15,healthcare,-0.0008331949932591,-0.016855223202016,-0.0154982943753226,0.2622999139478273,0.3707019003570065,0.3683526991618903,0.0094867428849428,0.0001216249087813,0.0004864996351252,0.0289855072463768,3.0,0.327272678348433,-0.007173950333194201,0.1236661663051256,18.64485981308411,0.23834586466165414,-0.043071510336495866,0.0012774047628289,-0.006256783502521797,0.0003582287269672,-0.35693770759618326,-1.4184668947253016,-1.8593322130652834,2.042558342189275,-4.3602676,1.0679479,3,0,3,Linguistic Strategists 2
UNH_2021-Q3,UNH,2021-Q3,2021-10-14,healthcare,0.018341522300568,0.0095632928624249,0.0692978476603156,0.2519964842125773,0.3837968678176834,0.3926063444287075,0.0083823529411764,0.000735294117647,0.0004411764705882,0.042316258351893,3.0,1.1428568653061792,-0.003642850494900999,0.14209973161836076,16.94871794871795,0.2652042360060514,-0.010303429735250003,-0.0011043899437664009,0.013330751105516202,-4.5323164536999964e-05,0.8155841869577463,0.662816986842739,-0.773473689549689,-0.5992111208913876,-4.9220243,4.046438,3,0,2,Linguistic Strategists 2
UNH_2021-Q4,UNH,2021-Q4,2022-01-19,healthcare,0.0010378562495464,-0.0005405901460212,0.0076536296157178,0.3072652553305549,0.2170252990290742,0.3925012451169042,0.0078102811701221,0.0007100255609201,0.0008520306731042,0.0244988864142538,1.0,0.6470586895121299,-0.0082621282289104,0.15816585652801693,18.254691689008045,0.2640622705243061,0.055268771117977566,-0.0005720717710542998,-0.017817371937639204,0.000410854202516,-0.4957981757940494,-0.8337452309872715,-2.762791067062652,0.9046482527154968,-5.541782,2.436053,3,0,3,Linguistic Strategists 2
UNH_2022-Q1,UNH,2022-Q1,2022-04-14,healthcare,-0.0013836092117359,0.0209232555105291,-0.0393401761752381,0.2655776768967243,0.2467827686833981,0.3781413343655787,0.0092170895684233,0.0004337453914552,0.000542181739319,0.0266429840142095,0.0,0.7619046503764259,-0.0060589736460588,0.1356402325068488,17.765407554671967,0.23310205908683976,-0.041687578433830585,0.0014068083983011992,0.0021440975999557008,-0.00030984893378520003,0.11484596086429599,-1.0957971364300139,-1.5298947590456435,0.8389835533631893,-4.4694448,1.4772855,3,0,3,Linguistic Strategists 2
UNH_2022-Q2,UNH,2022-Q2,2022-07-15,healthcare,-0.0195941645143404,-0.0194054612261949,0.0034735474459491,0.2987580536037822,0.3287490973813939,0.3959642681155296,0.0085977234197142,0.0008476628723661,0.0009687575684185,0.044776119402985,2.0,0.6226414124193855,-0.0024673256529350006,0.18127629923106722,18.677570093457945,0.23555166374781086,0.033180376707057924,-0.0006193661487090985,0.018133135388775503,0.0004265758290995,-0.13926323795704032,0.7331733387899142,-1.1373725789340519,0.9999386756808665,-2.5273225,2.505725,3,0,2,Linguistic Strategists 2
UNH_2022-Q3,UNH,2022-Q3,2022-10-14,healthcare,0.0170522682492732,0.0140120378441113,0.0527935832035399,0.3135106547970355,0.3518729702786716,0.397456002358385,0.0067540186410914,0.0004052411184654,0.0008104822369309,0.0334928229665071,2.0,1.4545451282424953,-0.007164696140447199,0.12219544771619045,19.723577235772357,0.25954932673811487,0.014752601193253279,-0.0018437047786228006,-0.0112832964364779,-0.0001582753314876,0.8319037158231097,1.3345268599932698,-2.2920478274751996,-0.581498827859455,-4.313462,5.197035,3,0,2,Linguistic Strategists 2
UNH_2022-Q4,UNH,2022-Q4,2023-01-13,healthcare,-0.0091714980551461,-0.0106422158859556,0.0059845998994526,0.3114554337942256,0.3806861905410376,0.3498186270242012,0.0074880871341048,0.000453823462673,0.0003403675970047,0.0421455938697318,0.0,0.9523807525170507,-0.0051314014339627,0.1316724286266812,18.275641025641026,0.23453758915000586,-0.002055221002809915,0.0007340684930134001,0.0086527709032247,-0.00047011463992619997,-0.5021643757254446,0.009506836112565725,-2.3601019402146566,1.4854985008840857,-3.9287655,1.9180832,3,0,3,Linguistic Strategists 2
WMT_2020-Q4,WMT,2020-Q4,2021-02-18,retail,0.004939618709333,-0.0159085841088201,-0.0456921640605001,0.3035945118244506,0.0862008829816989,0.3672005607587839,0.0055109582059123,0.0002548419979612,0.0004459734964322,0.0330717488789237,2.0,1.6448593305100556,-0.0014215439540101,0.11417697760906478,18.138755980861244,0.1398377736744922,-0.004069053800501987,0.0002558263689756996,-0.0010312767035443038,-1.2801328871768605e-05,0.017045425359815014,0.3109425144812623,-1.984678409748008,-0.8824322070715083,-7.0847607,6.785009,3,0,2,Linguistic Strategists 2
WMT_2022-Q1,WMT,2022-Q1,2021-05-18,retail,7.052298714782906e-05,-0.0011272524673179,-0.0015502188014283,0.3682171926543494,0.270266258071495,0.4451107443566826,0.0049887048192771,0.0,0.0005647590361445,0.0320404721753794,3.0,1.0689651256315398,0.0023052335381002,0.17508736515652631,18.568840579710145,0.20917073170731706,0.0646226808298988,-0.0005222533866351999,-0.0010312767035443038,0.00011878553971230002,-0.5758942048785158,1.2689055842209984,-2.6605308556386844,0.3962128965794536,-2.0616949,4.410672,3,0,2,Linguistic Strategists 2
WMT_2022-Q2,WMT,2022-Q2,2021-08-17,retail,-0.010617316346958,0.0049767010188122,-0.0222294577362357,0.3848944880143354,0.2787771247910529,0.4189365975096671,0.0060910760901092,0.0001933674949241,0.0007734699796964,0.0269360269360269,1.0,0.714285538384397,0.0021636002178164002,0.18827923017610534,18.21062271062271,0.22005430956451774,0.016677295359986022,0.0011023712708320994,-0.005104445239352499,0.0002087109435519,-0.35467958724714277,0.5746482385864405,-2.5632436078581833,1.157725609956225,-2.2362564,4.073218,3,0,2,Linguistic Strategists 2
WMT_2022-Q4,WMT,2022-Q4,2022-02-17,retail,-0.0064083642794587,-0.0275776106381074,-0.0208090020536796,0.3538869214083614,0.3451704459010659,0.4171484251521649,0.0071343638525564,0.0001981767736821,0.0002972651605231,0.046801872074883,1.0,0.9166664096945119,0.002133129774058001,0.13134453716481692,16.03448275862069,0.21402969790066564,-0.03100756660597398,0.0010432877624472004,0.019865845138856097,-0.00047620481917330003,0.20238087131011484,0.6051504155023214,-1.203829548662916,0.37968107001437834,-3.67909,3.044642,3,0,2,Linguistic Strategists 2
WMT_2023-Q1,WMT,2023-Q1,2022-05-17,retail,-0.0679103843994359,-0.0925011754287463,-0.0407312764471469,0.2343527340188421,0.1253559487396623,0.5047749475688165,0.0051040439733019,0.0,9.815469179426775e-05,0.0324786324786324,2.0,1.1739125234860701,0.0006233225687995005,0.12004386972380361,18.851637764932562,0.2088103025347506,-0.11953418738951932,-0.0020303198792545,-0.014323239596250599,-0.00019911046872883223,0.25724611379155826,-0.009432121986592965,-0.8677304417196819,-1.5249417569216894,-8.0271635,4.931637,3,0,0,Linguistic Strategists 2
WMT_2023-Q2,WMT,2023-Q2,2022-08-16,retail,0.0010763425325609,-0.0168615859826688,-0.025113031386299,0.2151245898430627,0.2697266403162509,0.5202336184263362,0.0060600887674974,0.0004267668146124,8.535336292249915e-05,0.0261538461538461,3.0,1.0249996997775888,-0.0015294212348065002,0.1422250961113638,18.428338762214985,0.20494918250110472,-0.019228144175779394,0.0009560447941954998,-0.0063247863247862975,-1.2801328871768605e-05,-0.14891282370848136,-0.3110051450934747,-1.1051801295487051,0.05280600957398858,-5.786633,-1.6156341,3,0,0,Linguistic Strategists 2
WMT_2023-Q3,WMT,2023-Q3,2022-11-15,retail,0.0071895471942488,0.0189231130151437,0.0381852074066378,0.2570587892011909,0.204250920578273,0.4600786989527609,0.0062668639568282,0.0009574375489598,0.000522238663069,0.0432098765432098,7.0,1.0277774497740342,0.0014286852307022002,0.12640343939868778,18.203612479474547,0.21107703409705936,0.0419341993581282,0.00020677518933080036,0.017056030389363697,0.0004368853001465009,0.002777749996445422,0.605820718078159,0.015211799369873887,-0.45431414245749946,-1.1389389,1.7361128,2,0,2,Confident Optimists
XOM_2020-Q4,XOM,2020-Q4,2021-02-02,energy,0.0392285372515774,0.0946749510303575,0.1108130263213308,0.2765681731885513,0.1464314274760488,0.4817842478760383,0.006525976777693,0.0008475294516484,0.0027968471904398,0.0380794701986755,1.0,2.2333324549636777,-0.0018234995317237,0.06303002823087406,20.520353982300886,0.20053475935828877,-0.004069053800501987,0.0002558263689756996,-0.0010312767035443038,-1.2801328871768605e-05,0.017045425359815014,1.2498586216565843,0.1332213020253123,0.020984331889254443,3.484374,6.0591383,2,0,1,Confident Optimists
XOM_2021-Q1,XOM,2021-Q1,2021-04-30,energy,0.027602912330948,0.0651641555940075,0.0585253221148252,0.3034361150578759,0.1583072571999639,0.4632707212840447,0.0057908070937386,0.0007238508867173,0.0019905899384726,0.0397923875432525,4.0,2.9047603760279808,0.0008196763409041999,0.10165741268160332,20.39171374764595,0.20548577761359438,0.026867941869324563,-0.0007351696839544,0.0017129173445770002,-0.0008062572519672,0.671427921064303,2.8595000270557156,-0.08492686205822426,-1.59366881051157,3.3708277,6.0329194,2,0,1,Confident Optimists
XOM_2021-Q2,XOM,2021-Q2,2021-07-30,energy,0.0001737000418588,-0.0126801030556969,0.01059586075015,0.3256452826735301,0.2051185695452739,0.471388907955142,0.0058004640371229,0.0001784758165268,0.001249330715688,0.0434782608695652,1.0,1.8148140615997426,-0.0033554882663486005,0.26360578470519397,21.633136094674555,0.2174507658643326,0.022209167615654224,9.656943384300613e-06,0.0036858733263127053,-0.0007412592227846,-1.0899463144282382,2.370789028521168,-1.8057367635196158,1.7569592094970854,-0.7299297,7.2088494,3,0,2,Linguistic Strategists 2
XOM_2021-Q3,XOM,2021-Q3,2021-10-29,energy,0.0179929423997622,-0.0083758557597732,0.0293161909554284,0.2793935441182467,0.3399597142628554,0.3846918042816595,0.0058565153733528,0.000780868716447,0.0016593460224499,0.029090909090909,1.0,1.129031884937681,-0.0056233839741325,0.07433590191224398,19.74749498997996,0.20265881875380556,-0.04625173855528342,5.6051336229899495e-05,-0.014387351778656202,0.00041001530676189986,-0.6857821766620615,-0.4170441588903011,-2.0774813093715423,1.4033962357274907,-3.1836488,0.03833003,3,0,3,Linguistic Strategists 2
XOM_2021-Q4,XOM,2021-Q4,2022-02-01,energy,-0.0025980685448943,0.007175409273556,-0.0213117847631307,0.3024702112033831,0.2520141018852491,0.3727768718979278,0.0034650785056848,0.0009745533297238,0.0006497022198159,0.0308880308880308,0.0,2.5294103906408436,-0.0009238560034495998,0.15865439633138348,19.67920353982301,0.22551995503091624,0.023076667085136393,-0.0023914368676679998,0.0017971217971217979,-0.0010096438026339998,1.4003785057031626,3.1292379674296544,-2.2710245798348585,-2.8998613159541233,-3.9387515,7.0492024,3,0,2,Linguistic Strategists 2
XOM_2022-Q1,XOM,2022-Q1,2022-04-29,energy,0.0136070120886286,0.0756599457863986,-0.0026979447082067,0.2449649262215951,0.2583653824689895,0.4268170050495675,0.0065974343310934,0.0010995723885155,0.0008552229688454,0.0280172413793103,1.0,1.1249997122461801,-0.0031333856304724995,0.08323889207208662,19.997455470737915,0.23819824405140602,-0.057505284981787974,0.0031323558254086003,-0.0028707895087204983,0.00020552074902949993,-1.4044106783946635,-1.3837772746930215,-0.892358117905572,2.528875735030624,-2.2087214,-1.0928389,4,0,3,Measured Reporters
XOM_2022-Q2,XOM,2022-Q2,2022-07-29,energy,-0.0252759279261235,-0.0609718456949521,-0.0654081515868985,0.2479013355341151,0.2212653547792069,0.4384063437909908,0.0061654948620876,0.0005408328826392,0.0016224986479177,0.0339622641509433,2.0,1.1052628889959075,-0.0014253659022672007,0.1991337318044838,19.03426124197002,0.22679716503543706,0.002936409312520011,-0.00043193946900580045,0.005945022771632998,0.0007672756790723,-0.019736823250272595,0.921303071512981,-0.9235878691640221,0.3816252489619399,-1.6869733,2.8738568,3,0,2,Linguistic Strategists 2
XOM_2022-Q3,XOM,2022-Q3,2022-10-28,energy,0.0009937963135482,-0.0098463915160485,0.029810245150639,0.2244899600540638,0.1757693883019204,0.4321643691629394,0.0077147623019182,0.0025020850708924,0.0021893244370308,0.0286225402504472,1.0,1.0789470960721042,-0.0009696331334475006,0.127656074990886,18.736842105263158,0.22007346585998272,-0.023411375480051316,0.0015492674398306,-0.005339723900496099,0.0005668257891130999,-0.02631579292380337,-0.5856507743377585,0.4051435476851267,0.3877537793031703,-4.689252,-8.328411,0,0,1,Linguistic Strategists
XOM_2022-Q4,XOM,2022-Q4,2023-01-31,energy,-0.0109473768888008,-0.0352555857113066,-0.0143090536271884,0.2777537020349315,0.3142674687368192,0.4290633840717758,0.0061437191442676,0.0004388370817334,0.0013165112452002,0.025390625,0.0,1.4615379491569844,-0.0009576299881965998,0.16073434979004297,19.679372197309416,0.2246781360373704,0.053263741980867696,-0.0015710431576505994,-0.0032319152504471996,-0.0008728131918305999,0.3825908530848803,1.5269246092446112,-2.3813944236305504,-0.8373189778037644,-3.0003142,5.7546225,3,0,2,Linguistic Strategists 2
