ticker,quarter,date,prev_quarter,is_shift_event,max_z_score,sentiment_overall,lm_uncertainty,fls_hedging_count,return_1d,return_3d,return_7d,sentiment_overall_delta,sentiment_overall_zscore,lm_uncertainty_delta,lm_uncertainty_zscore,fls_hedging_count_delta,fls_hedging_count_zscore
AAPL,2020-Q1,2020-01-28,2019-Q3,False,0.7738,0.3355745631520466,0.0044144019864808,0,0.0209319069689038,-0.0257485220243551,0.0236709227862146,0.016014,0.5443,0.001021,0.4326,-2,-0.7738
AAPL,2020-Q2,2020-04-30,2020-Q1,True,2.0022,0.2365612812272173,0.0070514494646121,3,-0.0160994982999027,0.0127977480778122,0.075094344164848,-0.099013,-2.0022,0.002637,1.2577,3,0.7055
AAPL,2020-Q3,2020-07-30,2020-Q2,False,1.0697,0.2706564976142184,0.0085881587508132,0,0.1046888382643185,0.1400873348864446,0.1740385980749659,0.034095,0.9446,0.001537,0.6959,-3,-1.0697
AAPL,2020-Q4,2020-10-29,2020-Q3,True,1.533,0.3003746185285983,0.0057599623839191,1,-0.0560181790936744,-0.042317282479808,0.0104115338872639,0.029718,0.8477,-0.002828,-1.533,1,0.1138
AAPL,2021-Q1,2021-01-27,2020-Q4,False,1.2814,0.2892799562913306,0.00844327176781,2,-0.0349847240167745,-0.0557509606645778,-0.0358694863463755,-0.011095,-0.0558,0.002683,1.2814,1,0.1138
AAPL,2021-Q2,2021-04-28,2021-Q1,False,0.7738,0.2852109024908286,0.0071951073270176,0,-0.0007487114809111,-0.0077857080782849,-0.023572625072288,-0.004069,0.0997,-0.001248,-0.7262,-2,-0.7738
AAPL,2021-Q3,2021-07-27,2021-Q2,False,0.7538,0.2777757555719831,0.0088451476267596,0,-0.0121964890206237,-0.0062005408064187,0.0019757037772054,-0.007435,0.0252,0.00165,0.7538,0,-0.1821
AAPL,2021-Q4,2021-10-28,2021-Q3,False,1.2973,0.2411446899373447,0.0068501382045427,5,-0.0181558350423112,-0.0167134562924028,-0.0125218373194928,-0.036631,-0.6211,-0.001995,-1.1075,5,1.2973
AAPL,2022-Q1,2022-01-27,2021-Q4,False,1.3656,0.2729887280112771,0.0078473819510215,1,0.069777536157438,0.0966584736217218,0.0795043979874823,0.031844,0.8948,0.000997,0.4204,-4,-1.3656
AAPL,2022-Q2,2022-04-28,2022-Q1,False,1.4162,0.2004426660189448,0.0089488278295941,2,-0.0366048490056878,-0.0254216149108519,-0.0694000436830211,-0.072546,-1.4162,0.001101,0.4736,1,0.1138
AAPL,2022-Q3,2022-07-28,2022-Q2,True,2.1849,0.1728069049585137,0.009904965868023,10,0.0327931001426104,0.0169049273259692,0.0492469711329874,-0.027636,-0.422,0.000956,0.3994,8,2.1849
AAPL,2022-Q4,2022-10-27,2022-Q3,True,1.5871,0.2359257385776988,0.0082497778905952,8,0.075552672786759,0.0404006962830407,-0.0390162594380381,0.063119,1.5871,-0.001655,-0.934,-2,-0.7738
AAPL,2023-Q1,2023-02-02,2022-Q4,False,1.4141,0.2081100856249823,0.005654281098546,10,0.0243998363921403,0.0253943739907499,0.0216477169991094,-0.027816,-0.426,-0.002595,-1.4141,2,0.4097
AMZN,2020-Q2,2020-07-30,2019-Q1,False,1.1289,0.2429157805192885,0.0120074412311855,2,0.0369608215671373,0.028490660373585,0.0315478380864765,0.097638,1.1289,0.002679,1.0498,1,0.6995
AMZN,2020-Q4,2021-02-02,2020-Q2,True,1.5208,0.2197667761999917,0.0085173501577287,2,-0.019961565909301,-0.0082396558050573,-0.0348727435049926,-0.023149,-0.2935,-0.00349,-1.5208,0,-0.0777
AMZN,2021-Q1,2021-04-29,2020-Q4,False,1.1649,0.3204646673776321,0.0083523158694001,1,-0.0011206361718006,-0.0459307860567787,-0.0808974126904683,0.100698,1.1649,-0.000165,-0.1354,-1,-0.8549
AMZN,2021-Q2,2021-07-29,2021-Q1,False,0.6995,0.2834990157745778,0.0097936341378104,2,-0.0756489071327776,-0.0649125846945181,-0.0716821272716391,-0.036966,-0.4562,0.001441,0.5339,1,0.6995
AMZN,2021-Q3,2021-10-28,2021-Q2,False,1.3022,0.1984813354969505,0.0068281580230856,3,-0.0215112450537781,-0.0388270615149781,0.0123049790232997,-0.085018,-1.0221,-0.002965,-1.3022,1,0.6995
AMZN,2021-Q4,2022-02-03,2021-Q3,True,2.4093,0.2577095362791641,0.0083129584352078,0,0.1353590173571185,0.1625403228066442,0.1175515384071814,0.059228,0.6766,0.001485,0.552,-3,-2.4093
AMZN,2022-Q1,2022-04-28,2021-Q4,True,1.8692,0.1007546041305111,0.011504917424383,0,-0.140494377749234,-0.1406880192176758,-0.247637363031638,-0.156955,-1.8692,0.003192,1.2633,0,-0.0777
AMZN,2022-Q2,2022-07-28,2022-Q1,False,1.15,0.1865647137425579,0.0089047195013357,1,0.1036146409505072,0.0971541135214984,0.140088363214089,0.08581,0.9896,-0.0026,-1.15,1,0.6995
AMZN,2022-Q3,2022-10-27,2022-Q2,False,0.6995,0.1616318152953328,0.0093495126317883,2,-0.0680424971580574,-0.1277036615524649,-0.1841204080185927,-0.024933,-0.3145,0.000445,0.1187,1,0.6995
AMZN,2022-Q4,2023-02-02,2022-Q3,False,0.5905,0.1630326824330062,0.0109266943291839,2,-0.0843149762083984,-0.0956514276988027,-0.118412915711106,0.001401,-0.0044,0.001577,0.5905,0,-0.0777
BAC,2021-Q1,2021-04-15,2020-Q4,False,1.1463,0.1870541506025017,0.0082552240089431,2,0.0105835154086836,-0.0170364933816337,0.0172947770549368,0.047169,0.7,0.00189,1.1463,-2,-1.0224
BAC,2021-Q2,2021-07-14,2021-Q1,False,1.0224,0.1362502964509743,0.0070696721311475,0,-0.0007717590919556,-0.0496654349279709,-0.0298506968459203,-0.050804,-0.9314,-0.001186,-0.7089,-2,-1.0224
BAC,2021-Q3,2021-10-14,2021-Q2,True,1.5897,0.2368505531891447,0.007049254405784,0,0.0288438067806848,0.0312845655008251,0.0541378236173562,0.1006,1.5897,-2e-05,-0.006,0,0.409
BAC,2021-Q4,2022-01-19,2021-Q3,True,1.8403,0.254085619418427,0.0064594972067039,2,-0.0148579496066123,-0.040697448450999,-0.0122739265618382,0.017235,0.2015,-0.00059,-0.3495,2,1.8403
BAC,2022-Q1,2022-04-18,2021-Q4,False,1.294,0.1881460228409522,0.0085939192604896,1,0.0185325940747263,0.0015445278860822,-0.0669243563170788,-0.06594,-1.1835,0.002134,1.294,-1,-0.3067
BAC,2022-Q2,2022-07-18,2022-Q1,True,1.5366,0.2149610559856149,0.0060364132022198,1,0.0337879498075485,0.0430875181814351,0.0412276435837581,0.026815,0.3611,-0.002558,-1.5366,0,0.409
BAC,2022-Q3,2022-10-17,2022-Q2,False,0.7374,0.1758079102070855,0.0062922395711955,0,0.0374778302760373,0.0023797123099792,0.0618682362047928,-0.039153,-0.7374,0.000256,0.1607,-1,-0.3067
COST,2020-Q2,2020-03-05,2020-Q1,True,1.9023,0.0558518865631181,0.0080173347778981,2,-0.0139981256396106,-0.0201419798417526,-0.1031796098659976,-0.080651,-1.9023,-0.001173,-0.5518,0,0.1119
COST,2021-Q2,2021-03-04,2020-Q2,False,1.2335,0.1042020340651953,0.0093217614914818,0,-0.0053910983780734,-0.0008148430146584,0.0359516012549289,0.04835,1.2335,0.001304,0.8418,-2,-0.8951
COST,2021-Q3,2021-05-27,2021-Q2,False,0.9741,0.1418816674647579,0.0091442872268745,1,-0.0238194648618109,-0.0178322674983725,-0.0201292316243283,0.03768,0.9741,-0.000177,0.0081,1,0.6154
COST,2021-Q4,2021-09-23,2021-Q3,False,0.7599,0.147581833010735,0.0076015727391874,0,0.0330623318146858,-0.0119925244905045,-0.0279163779303003,0.0057,0.1967,-0.001543,-0.7599,-1,-0.3916
COST,2022-Q1,2021-12-09,2021-Q4,True,1.9634,0.1714994284534876,0.0108997886775664,0,0.0657793137825283,0.0400701985742045,0.0462114734493174,0.023918,0.6396,0.003298,1.9634,0,0.1119
COST,2022-Q2,2022-03-03,2022-Q1,False,0.7273,0.1649546782744129,0.0094149293880295,1,-0.0141637342886017,-0.0181785825446413,-0.0133196248861632,-0.006545,-0.1009,-0.001485,-0.7273,1,0.6154
COST,2022-Q3,2022-05-26,2022-Q2,True,1.6224,0.1186824271062657,0.0092134831460674,4,0.0124088729832487,-0.0172046845591374,0.0146025181944806,-0.046272,-1.0666,-0.000201,-0.0053,3,1.6224
COST,2022-Q4,2022-09-22,2022-Q3,True,1.9021,0.1004916879127403,0.0066847949240879,0,-0.0426340380231443,-0.018207405885473,-0.0193773165530901,-0.018191,-0.384,-0.002529,-1.3145,-4,-1.9021
COST,2023-Q1,2022-12-08,2022-Q4,False,0.5456,0.1149582945480942,0.0074626865671641,0,0.0033234920244392,0.014083455357627,-0.047339076742368,0.014467,0.4098,0.000778,0.5456,0,0.1119
CVX,2021-Q1,2021-04-30,2020-Q4,False,0.9969,0.143325471227952,0.0060081711127132,2,0.0238671836365981,0.0571456569010882,0.0352187968735685,0.024822,0.2431,-0.002329,-0.9969,0,0.0535
CVX,2021-Q2,2021-07-30,2021-Q1,False,0.9688,0.2194523026078265,0.0076443608138304,2,-0.0017678214379095,-0.0148315213566249,0.0026519600746403,0.076127,0.9688,0.001636,0.6032,0,0.0535
CVX,2021-Q3,2021-10-29,2021-Q2,False,0.6949,0.2254624343772847,0.0080967612954818,0,0.000349403745867,-0.0129268187132906,0.0131891114977908,0.00601,-0.0229,0.000452,0.1255,-2,-0.6949
CVX,2021-Q4,2022-01-28,2021-Q3,False,0.8908,0.1701157267148397,0.0092250922509225,2,0.005512574229925,0.0367506103959777,0.0446364904187776,-0.055347,-0.8908,0.001128,0.3983,2,0.8018
CVX,2022-Q1,2022-04-29,2021-Q4,False,1.1759,0.153857449648305,0.0101569713758079,5,0.0196592983042461,0.069700753420576,0.0262334426870006,-0.016258,-0.3379,0.000932,0.319,3,1.1759
CVX,2022-Q2,2022-07-29,2022-Q1,True,1.8174,0.2640412501300926,0.0061226644146521,0,-0.0199657824937716,-0.0514102513183159,-0.0511047766258361,0.110184,1.4505,-0.004034,-1.6849,-5,-1.8174
CVX,2022-Q3,2022-10-28,2022-Q2,False,1.4108,0.1719322129453967,0.0093267966040894,1,0.0051118158337115,-0.0082229814854719,0.0297814453102446,-0.092109,-1.4108,0.003204,1.2359,1,0.4276
JNJ,2020-Q4,2021-01-26,2019-Q2,False,0.9831,0.2868126554295011,0.0082443004963405,1,-0.0152509669728496,-0.0431134959685524,-0.0498008389592723,-0.029153,-0.4739,0.001568,0.6378,-2,-0.9831
JNJ,2021-Q1,2021-04-20,2020-Q4,False,1.0068,0.3330006968737314,0.0104557111856381,2,0.0006609370677509,-0.0057663645516504,-0.0136951817772198,0.046188,1.0068,0.002211,1.0006,1,0.4139
JNJ,2021-Q2,2021-07-21,2021-Q1,True,1.6618,0.3690884027782821,0.0079475982532751,2,0.0028909196336911,0.0140421689552383,0.0159892304769424,0.036088,0.8083,-0.002508,-1.6618,0,-0.0517
JNJ,2021-Q3,2021-10-19,2021-Q2,True,1.651,0.2800408674748959,0.009116324298043,1,-0.0005490560325293,-0.0009151640102298,-0.0062243652910145,-0.089048,-1.651,0.001169,0.4124,-1,-0.5174
JNJ,2021-Q4,2022-01-25,2021-Q3,False,1.0716,0.3295250616253607,0.0100575947734892,2,0.0044743214955709,0.0248167481953635,0.0306032519980583,0.049484,1.0716,0.000941,0.2841,1,0.4139
JNJ,2022-Q1,2022-04-19,2021-Q4,False,1.4434,0.2807065721156562,0.0079365079365079,4,0.0044241355661617,-0.0084116233851872,0.0020755042111469,-0.048818,-0.8604,-0.002121,-1.4434,2,0.8796
JNJ,2022-Q2,2022-07-19,2022-Q1,False,0.7782,0.3152632283244804,0.0071866163996229,5,-0.0057076082501279,0.0025046157623884,0.0146191015455824,0.034557,0.7782,-0.00075,-0.6699,1,0.4139
JNJ,2022-Q3,2022-10-18,2022-Q2,True,1.9145,0.3221079605555268,0.0090274434280211,1,-0.0079512557174738,0.0162641914846252,0.0379494065645438,0.006845,0.2336,0.001841,0.7916,-4,-1.9145
JNJ,2022-Q4,2023-01-24,2022-Q3,False,1.3453,0.2706008705906896,0.0106150142263077,4,0.0071295321143456,-0.0004752622029561,-0.0164578508323678,-0.051507,-0.9132,0.001588,0.6487,3,1.3453
JPM,2021-Q1,2021-04-14,2020-Q4,False,0.9779,0.1470204006044942,0.0102452654455138,6,0.0063488097713526,0.0095230429035588,-0.0067456747896134,0.027499,0.9779,0.001153,0.1628,0,0.0709
JPM,2021-Q2,2021-07-13,2021-Q1,False,0.6864,0.1040851855437913,0.0103980226710986,6,-0.0034051145067632,-0.0240282433831805,-0.0303240775814883,-0.042935,-0.6864,0.000153,-0.3395,0,0.0709
JPM,2021-Q3,2021-10-13,2021-Q2,False,1.2228,0.1224292977480648,0.0087918907736863,2,0.0153415429247753,0.0344717601504628,0.0669565574132899,0.018344,0.7616,-0.001606,-1.2228,-4,-0.9217
JPM,2021-Q4,2022-01-14,2021-Q3,True,1.808,0.1431480077211314,0.0111200428724544,9,-0.0419280935345113,-0.0647921354754248,-0.0631453616697075,0.020719,0.8177,0.002328,0.7529,7,1.808
JPM,2022-Q1,2022-04-13,2021-Q4,True,1.7158,0.0566497011081196,0.0143377885783718,4,-0.0092692830479375,0.0300078705776744,-0.0041633552057756,-0.086498,-1.7158,0.003218,1.1997,-5,-1.1699
JPM,2022-Q2,2022-07-14,2022-Q1,False,1.3263,0.0576345864989997,0.0125255623721881,2,0.0458330873233824,0.060740515522182,0.0668515576730233,0.000985,0.3514,-0.001812,-1.3263,-2,-0.4254
JPM,2022-Q3,2022-10-14,2022-Q2,False,0.7733,0.0223193552641367,0.0148942093541202,4,0.0420002407865215,0.0478459527202089,0.1035164230878766,-0.035315,-0.5064,0.002369,0.7733,2,0.5672
META,2020-Q1,2020-04-29,2019-Q2,False,1.3096,0.1660220230290993,0.0089845382365231,4,0.0541737920775409,0.0570061379504888,0.0935168303828311,-0.060612,-1.3096,0.000893,0.7648,-2,-0.3925
META,2020-Q4,2021-01-27,2020-Q1,True,1.701,0.1722903481297532,0.006183654539833,10,-0.026236631374894,-0.0372233472034343,-0.0148451935562291,0.006268,0.3765,-0.002801,-1.701,6,0.9004
META,2021-Q1,2021-04-28,2020-Q4,True,1.73,0.2322412247672939,0.0047628908676744,4,0.072972755613364,0.0504070277932264,0.0390100893376956,0.059951,1.73,-0.001421,-0.7797,-6,-1.039
META,2021-Q3,2021-10-25,2021-Q1,False,1.3853,0.1882364853673463,0.0057306590257879,13,-0.039185713015772,-0.0358087894709754,0.0089141124674243,-0.044005,-0.891,0.000968,0.8147,9,1.3853
META,2021-Q4,2022-02-02,2021-Q3,False,0.937,0.161890850513527,0.0068816762530813,16,-0.2639008380682238,-0.3036841064324076,-0.3202785923851401,-0.026346,-0.4457,0.001151,0.937,3,0.4156
META,2022-Q1,2022-04-27,2021-Q4,False,0.4131,0.1670142334081122,0.0072478562678644,17,0.1759362292327162,0.2068021202422906,0.1647329738884888,0.005123,0.3477,0.000366,0.4131,1,0.0924
META,2022-Q2,2022-07-27,2022-Q1,False,1.3622,0.165971992753285,0.0063227619429947,9,-0.0522465643607634,-0.0569054670963974,-0.0145653510545875,-0.001042,0.1922,-0.000925,-0.4488,-8,-1.3622
MSFT,2021-Q3,2021-04-27,2021-Q2,False,0.6141,0.326155134206204,0.0083352899741723,1,-0.0282856200429204,-0.0373706929989656,-0.0467228507956031,-0.055606,-0.6141,-0.000312,-0.227,1,0.4183
MSFT,2021-Q4,2021-07-27,2021-Q3,False,0.7682,0.3470015657057456,0.0076998288926912,2,-0.0011167786102955,-0.0056884284018117,0.0103997170458398,0.020846,0.7682,-0.000635,-0.4495,1,0.4183
MSFT,2022-Q1,2021-10-26,2021-Q4,False,1.255,0.3151707055752174,0.0073062642232602,1,0.0421141039151574,0.069362249819214,0.084905293307199,-0.031831,-0.1842,-0.000394,-0.2832,-1,-1.255
MSFT,2022-Q2,2022-01-25,2022-Q1,False,1.3193,0.3664962759171173,0.0067420866186721,1,0.0284929867690704,0.0685290815820573,0.044230171822925,0.051326,1.3193,-0.000564,-0.4005,0,-0.4183
MSFT,2022-Q3,2022-04-26,2022-Q2,True,1.749,0.2520837002449622,0.0093038528896672,1,0.0481088864486637,0.0270153241523687,0.0263858363373709,-0.114413,-1.6774,0.002562,1.749,0,-0.4183
MSFT,2022-Q4,2022-07-26,2022-Q3,False,1.4735,0.2035354516147289,0.0071792496526169,1,0.0668518757416613,0.1144896322796051,0.1260422305428171,-0.048548,-0.4865,-0.002125,-1.4735,0,-0.4183
MSFT,2023-Q1,2022-10-25,2022-Q4,True,2.0917,0.2416142907656603,0.0088388023422826,4,-0.0771564704198958,-0.0590042768680004,-0.145256515601785,0.038079,1.0798,0.00166,1.1286,3,2.0917
MSFT,2023-Q2,2023-01-24,2023-Q1,False,0.4183,0.2086240031762796,0.0087935279634189,4,-0.0059082629634426,0.0252850260386171,0.0932077296398742,-0.03299,-0.2052,-4.5e-05,-0.0437,0,-0.4183
NVDA,2019-Q3,2019-11-14,2020-Q2,False,0.6843,0.1976016145530184,0.0081353305785123,0,-0.0266934260498006,-0.0085798437466012,0.0544355240407631,-0.05376,-0.6843,0.001224,0.4538,0,-0.0857
NVDA,2021-Q4,2021-02-24,2019-Q3,False,1.4071,0.2733502140740553,0.0054872957175235,0,-0.0821781931996814,-0.0453306625943305,-0.1405269933757254,0.075749,1.4071,-0.002648,-1.2745,0,-0.0857
NVDA,2022-Q2,2021-08-18,2021-Q4,True,1.643,0.2408516666262733,0.0093757417517208,0,0.0398113302837547,0.153256442234232,0.188865807926341,-0.032499,-0.341,0.003888,1.643,0,-0.0857
NVDA,2021-Q3,2021-11-17,2022-Q2,False,0.6002,0.2385667268959243,0.0099058940069341,1,0.082498667925548,0.0921019497964214,0.140631200466084,-0.002285,0.1469,0.00053,0.144,1,0.6002
NVDA,2022-Q4,2022-02-16,2021-Q3,False,0.9264,0.2845526741454741,0.0086597938144329,1,-0.0755911193772967,-0.1177246603264542,-0.0801931980586478,0.045986,0.9264,-0.001246,-0.6488,0,-0.0857
NVDA,2023-Q1,2022-05-25,2022-Q4,False,1.2862,0.2098933641843924,0.0074791564492398,3,0.0516052305283378,0.0999703386515512,0.1066861857475813,-0.074659,-1.0218,-0.001181,-0.6196,2,1.2862
NVDA,2023-Q2,2022-08-24,2023-Q1,False,1.3162,0.117004802458853,0.0100282849061455,4,0.0401228648270591,-0.0825107309824915,-0.2075835419258473,-0.092889,-1.3162,0.002549,1.0452,1,0.6002
NVDA,2023-Q3,2022-11-16,2023-Q2,True,2.1437,0.1602911211550235,0.0085706751054852,1,-0.0146448036266742,-0.0372720236696547,-0.0052168552958571,0.043286,0.8828,-0.001458,-0.7432,-3,-2.1437
PFE,2021-Q1,2021-05-04,2020-Q4,False,1.1759,0.2412171075864209,0.0133238585894475,5,0.0005006995084687,0.0005008220787278,0.0136451340955405,-0.042397,-0.9971,7.2e-05,0.1429,3,1.1759
PFE,2021-Q2,2021-07-28,2021-Q1,False,1.069,0.2417989610183257,0.014065152372484,2,-0.0062703176840434,0.0209011705441149,0.0466789200505758,0.000582,0.3566,0.000741,0.7232,-3,-1.069
PFE,2021-Q3,2021-11-02,2021-Q2,False,1.389,0.2356153065624891,0.0123718628490632,2,-0.0138612745474828,0.0789150181499572,0.1137618999235474,-0.006184,0.1435,-0.001693,-1.389,0,0.0535
PFE,2021-Q4,2022-02-08,2021-Q3,False,0.8018,0.2304238709004399,0.0127905546673225,4,-0.004448810559732,-0.0177949679088697,-0.0541586059351125,-0.005191,0.1748,0.000419,0.4433,2,0.8018
PFE,2022-Q2,2022-07-28,2021-Q4,True,1.6288,0.2713952256937622,0.0110904354298474,3,-0.0041405137958257,-0.0203075178523015,-0.0226736043736361,0.040971,1.6288,-0.0017,-1.3949,-1,-0.3207
PFE,2022-Q3,2022-11-01,2022-Q2,False,1.1232,0.2657121032705353,0.012292738707833,5,-0.0195791254210819,-0.0080250309475154,-0.0046638380656959,-0.005683,0.1593,0.001202,1.1232,2,0.8018
PFE,2022-Q4,2023-01-31,2022-Q3,False,1.4659,0.2084325814511469,0.0126053793657165,1,-0.0043025878782351,-0.0022646561558323,-0.0185688346250241,-0.05728,-1.4659,0.000313,0.3513,-4,-1.4432
TGT,2020-Q4,2021-03-02,2019-Q3,False,0.9588,0.3384303632634359,0.0057772599281483,0,0.0006915606812711,-0.0050724282415521,0.033604315810609,-0.079303,-0.9588,0.000465,0.0681,0,-0.378
TGT,2021-Q1,2021-05-19,2020-Q4,False,1.3139,0.3982010548091168,0.0056675648053516,2,0.0126931895319055,0.029222060060826,0.0361165518883093,0.059771,1.3139,-0.00011,-0.1916,2,0.504
TGT,2021-Q2,2021-08-18,2021-Q1,False,0.504,0.3607670785254036,0.0068779383597422,4,-0.0087649800124895,0.0199933870581754,0.0064622743705314,-0.037434,-0.2746,0.00121,0.4052,2,0.504
TGT,2021-Q3,2021-11-17,2021-Q2,True,2.1418,0.4150503432117891,0.0057246445949813,0,-0.006895110523928,-0.0363673320176779,-0.0182821302217953,0.054283,1.2242,-0.001153,-0.6634,-4,-2.1418
TGT,2021-Q4,2022-03-01,2021-Q3,False,1.301,0.3148050273680446,0.0044913010590015,2,0.0249283162475035,0.0212825359259023,-0.0211911377542462,-0.100245,-1.301,-0.001233,-0.6996,2,0.504
TGT,2022-Q1,2022-05-18,2021-Q4,True,2.0036,0.2812363739855804,0.0092372416316078,4,-0.050615740828576,-0.0477074937098919,0.0342182092156447,-0.033569,-0.2114,0.004746,2.0036,2,0.504
TGT,2022-Q2,2022-08-17,2022-Q1,False,0.9221,0.2733207520634473,0.0075117370892018,6,-0.0130602986321952,-0.0763089458097357,-0.0839511801827169,-0.007916,0.2078,-0.001726,-0.9221,2,0.504
UNH,2021-Q1,2021-04-15,2020-Q4,False,1.077,0.3053714242843232,0.0082093381221139,0,0.0025641244228631,0.0167176172517032,0.0149998465515007,0.000328,-0.014,0.001482,1.077,0,0.0
UNH,2021-Q2,2021-07-15,2021-Q1,True,1.6922,0.2622999139478273,0.0094867428849428,3,-0.0008331949932591,-0.016855223202016,-0.0154982943753226,-0.043072,-1.292,0.001277,0.9184,3,1.6922
UNH,2021-Q3,2021-10-14,2021-Q2,False,0.9316,0.2519964842125773,0.0083823529411764,3,0.018341522300568,0.0095632928624249,0.0692978476603156,-0.010303,-0.327,-0.001104,-0.9316,0,0.0
UNH,2021-Q4,2022-01-19,2021-Q3,True,1.604,0.3072652553305549,0.0078102811701221,1,0.0010378562495464,-0.0005405901460212,0.0076536296157178,0.055269,1.604,-0.000572,-0.5182,-2,-1.1282
UNH,2022-Q1,2022-04-14,2021-Q4,False,1.2513,0.2655776768967243,0.0092170895684233,0,-0.0013836092117359,0.0209232555105291,-0.0393401761752381,-0.041688,-1.2513,0.001407,1.0189,-1,-0.5641
UNH,2022-Q2,2022-07-15,2022-Q1,False,1.1282,0.2987580536037822,0.0085977234197142,2,-0.0195941645143404,-0.0194054612261949,0.0034735474459491,0.03318,0.9535,-0.000619,-0.5549,2,1.1282
UNH,2022-Q3,2022-10-14,2022-Q2,True,1.5059,0.3135106547970355,0.0067540186410914,2,0.0170522682492732,0.0140120378441113,0.0527935832035399,0.014753,0.4108,-0.001844,-1.5059,0,0.0
UNH,2022-Q4,2023-01-13,2022-Q3,False,1.1282,0.3114554337942256,0.0074880871341048,0,-0.0091714980551461,-0.0106422158859556,0.0059845998994526,-0.002055,-0.0841,0.000734,0.4964,-2,-1.1282
WMT,2022-Q1,2021-05-18,2020-Q4,False,1.1045,0.3682171926543494,0.0049887048192771,3,7.052298714782906e-05,-0.0011272524673179,-0.0015502188014283,0.064623,1.1045,-0.000522,-0.5272,1,0.0859
WMT,2022-Q2,2021-08-17,2022-Q1,False,1.4599,0.3848944880143354,0.0060910760901092,1,-0.010617316346958,0.0049767010188122,-0.0222294577362357,0.016677,0.3729,0.001102,0.794,-2,-1.4599
WMT,2022-Q4,2022-02-17,2022-Q2,False,0.746,0.3538869214083614,0.0071343638525564,1,-0.0064083642794587,-0.0275776106381074,-0.0208090020536796,-0.031008,-0.3548,0.001043,0.746,0,-0.4294
WMT,2023-Q1,2022-05-17,2022-Q4,True,1.7536,0.2343527340188421,0.0051040439733019,2,-0.0679103843994359,-0.0925011754287463,-0.0407312764471469,-0.119534,-1.7057,-0.00203,-1.7536,1,0.0859
WMT,2023-Q2,2022-08-16,2023-Q1,False,0.675,0.2151245898430627,0.0060600887674974,3,0.0010763425325609,-0.0168615859826688,-0.025113031386299,-0.019228,-0.1751,0.000956,0.675,1,0.0859
WMT,2023-Q3,2022-11-15,2023-Q2,True,1.6316,0.2570587892011909,0.0062668639568282,7,0.0071895471942488,0.0189231130151437,0.0381852074066378,0.041934,0.7583,0.000207,0.0657,4,1.6316
XOM,2021-Q1,2021-04-30,2020-Q4,True,1.7287,0.3034361150578759,0.0057908070937386,4,0.027602912330948,0.0651641555940075,0.0585253221148252,0.026868,0.6871,-0.000735,-0.3958,3,1.7287
XOM,2021-Q2,2021-07-30,2021-Q1,True,1.5904,0.3256452826735301,0.0058004640371229,1,0.0001737000418588,-0.0126801030556969,0.01059586075015,0.022209,0.5673,1e-05,0.0331,-3,-1.5904
XOM,2021-Q3,2021-10-29,2021-Q2,False,1.1931,0.2793935441182467,0.0058565153733528,1,0.0179929423997622,-0.0083758557597732,0.0293161909554284,-0.046252,-1.1931,5.6e-05,0.0598,0,0.0691
XOM,2021-Q4,2022-02-01,2021-Q3,False,1.3495,0.3024702112033831,0.0034650785056848,0,-0.0025980685448943,0.007175409273556,-0.0213117847631307,0.023077,0.5896,-0.002391,-1.3495,-1,-0.484
XOM,2022-Q1,2022-04-29,2021-Q4,True,1.8312,0.2449649262215951,0.0065974343310934,1,0.0136070120886286,0.0756599457863986,-0.0026979447082067,-0.057505,-1.4825,0.003132,1.8312,1,0.6223
XOM,2022-Q2,2022-07-29,2022-Q1,False,0.6223,0.2479013355341151,0.0061654948620876,2,-0.0252759279261235,-0.0609718456949521,-0.0654081515868985,0.002936,0.0717,-0.000432,-0.2212,1,0.6223
XOM,2022-Q3,2022-10-28,2022-Q2,False,0.9196,0.2244899600540638,0.0077147623019182,1,0.0009937963135482,-0.0098463915160485,0.029810245150639,-0.023411,-0.6058,0.001549,0.9196,-1,-0.484
XOM,2022-Q4,2023-01-31,2022-Q3,False,1.3658,0.2777537020349315,0.0061437191442676,0,-0.0109473768888008,-0.0352555857113066,-0.0143090536271884,0.053264,1.3658,-0.001571,-0.8771,-1,-0.484
