transcript_id,ticker,quarter,date,lm_positive,lm_negative,lm_uncertainty,lm_litigious,lm_constraining,lm_strong_modal,lm_weak_modal,lm_positive_remarks,lm_negative_remarks,lm_uncertainty_remarks,lm_litigious_remarks,lm_constraining_remarks,lm_strong_modal_remarks,lm_weak_modal_remarks,lm_positive_qa,lm_negative_qa,lm_uncertainty_qa,lm_litigious_qa,lm_constraining_qa,lm_strong_modal_qa,lm_weak_modal_qa
AAPL_2019-Q3,AAPL,2019-Q3,2019-07-30,0.01840250587314017,0.005742625946228139,0.0033933698773166276,0.00039154267815191856,0.0007830853563038371,0.004698512137823023,0.0023492560689115116,0.02423343224530168,0.002967359050445104,0.003214638971315529,0.000741839762611276,0.000741839762611276,0.0027200791295746785,0.002225519287833828,0.011885019347705915,0.008844665561083471,0.0035931453841901604,0.0,0.0008291873963515755,0.006909894969596462,0.0024875621890547263
AAPL_2020-Q1,AAPL,2020-Q1,2020-01-28,0.017795558008001103,0.007311353290108981,0.004414401986480894,0.00041385018623258383,0.0009656504345426955,0.006069802731411229,0.0024831011173955028,0.023726668775703893,0.004745333755140778,0.002530844669408415,0.0,0.0012654223347042075,0.004428978171464726,0.0012654223347042075,0.013209393346379647,0.009295499021526418,0.005870841487279843,0.0007338551859099804,0.0007338551859099804,0.007338551859099804,0.003424657534246575
AAPL_2020-Q2,AAPL,2020-Q2,2020-04-30,0.015147558109166884,0.010577174196918256,0.00705144946461217,0.00013058239749281798,0.0006529119874640898,0.006529119874640899,0.004439801514755811,0.019329581600195742,0.008563738683631025,0.005627599706386102,0.00024467824810374357,0.0009787129924149743,0.005138243210178615,0.002936138977244923,0.010361243349201904,0.01288154578549426,0.008681041725007001,0.0,0.0002800336040324839,0.008120974516942034,0.006160739288714646
AAPL_2020-Q3,AAPL,2020-Q3,2020-07-30,0.018867924528301886,0.007937540663630449,0.008588158750813273,0.0007807417046193884,0.0015614834092387768,0.005465191932335719,0.005465191932335719,0.02221597300337458,0.006186726659167604,0.006186726659167604,0.00140607424071991,0.002530933633295838,0.003374578177727784,0.003374578177727784,0.015984499878905305,0.009445386292080407,0.010656333252603536,0.0002421893921046258,0.0007265681763138775,0.007265681763138775,0.007265681763138775
AAPL_2020-Q4,AAPL,2020-Q4,2020-10-29,0.01810273892088868,0.007523216174914776,0.005759962383919125,0.0005877512636652169,0.002468555307393911,0.004349359351122605,0.0029387563183260845,0.022941626306398163,0.008157022686719348,0.0050981391791995925,0.0005098139179199592,0.002803976548559776,0.0030588835075197555,0.0017843487127198571,0.013961605584642234,0.006980802792321117,0.0063263525305410125,0.0006544502617801048,0.002181500872600349,0.005453752181500873,0.003926701570680628
AAPL_2021-Q1,AAPL,2021-Q1,2021-01-27,0.01754617414248021,0.009102902374670185,0.008443271767810026,0.0002638522427440633,0.0015831134564643799,0.00395778364116095,0.00474934036939314,0.021704436642195978,0.007022023619533993,0.007660389403127992,0.0006383657835939994,0.0022342802425789976,0.006064474944142994,0.0031918289179699967,0.014616595457611873,0.010568922869350123,0.008994827973915,0.0,0.001124353496739375,0.002473577692826625,0.005846638183044749
AAPL_2021-Q2,AAPL,2021-Q2,2021-04-28,0.019426789782947596,0.00947355798057321,0.007195107327017628,0.0003597553663508814,0.00251828756445617,0.004796738218011752,0.0039573090298596954,0.024063356685957965,0.003045994517209869,0.007614986293024673,0.0,0.0021321961620469083,0.005178190679256778,0.003350593968930856,0.01641613924050633,0.013647151898734177,0.006922468354430379,0.0005933544303797469,0.002768987341772152,0.004549050632911392,0.00435126582278481
AAPL_2021-Q3,AAPL,2021-Q3,2021-07-27,0.02528964743989037,0.008845147626759685,0.008845147626759685,0.0006228977201943441,0.0026161704248162452,0.0037373863211660643,0.005606079481749097,0.030602782071097373,0.00463678516228748,0.006491499227202473,0.0003091190108191654,0.002472952086553323,0.00463678516228748,0.0030911901081916537,0.021702838063439065,0.011686143572621035,0.010434056761268781,0.0008347245409015025,0.002712854757929883,0.0031302170283806345,0.007303839732888147
AAPL_2021-Q4,AAPL,2021-Q4,2021-10-28,0.015262588631174138,0.008652806153106598,0.0068501382045427234,0.0008412450426631415,0.0034851580338901575,0.004686936666266074,0.004206225213315707,0.02443933294997125,0.004600345025876941,0.005462909718228867,0.0005750431282346176,0.004312823461759632,0.00488786658999425,0.002875215641173088,0.008672310551311171,0.011563080735081561,0.007846376213091059,0.0010324179227751394,0.0028907701837703904,0.0045426388602106136,0.005162089613875697
AAPL_2022-Q1,AAPL,2022-Q1,2022-01-27,0.019483155188743065,0.00987687728318225,0.007847381951021512,0.0005411987552428629,0.0036530915978893247,0.004600189419564335,0.005276687863617914,0.0249920911104081,0.0060107560898449855,0.0060107560898449855,0.0012654223347042075,0.004745333755140778,0.006327111673521037,0.002847200253084467,0.015366430260047281,0.01276595744680851,0.009219858156028368,0.0,0.0028368794326241137,0.003309692671394799,0.0070921985815602835
AAPL_2022-Q2,AAPL,2022-Q2,2022-04-28,0.018275775144945803,0.01209982354423998,0.008948827829594152,0.0006301991429291656,0.005293672800604991,0.003024955886059995,0.00567179228636249,0.026739690721649483,0.008054123711340205,0.008376288659793814,0.0009664948453608248,0.005154639175257732,0.004510309278350515,0.004510309278350515,0.012836438923395446,0.014699792960662527,0.009316770186335404,0.00041407867494824016,0.005383022774327122,0.002070393374741201,0.006418219461697723
AAPL_2022-Q3,AAPL,2022-Q3,2022-07-28,0.01699906304376924,0.01177887832954089,0.009904965868023023,0.0006692544505420961,0.003613974032927319,0.0038816758131441573,0.004952482934011512,0.027519893899204242,0.008952254641909815,0.007957559681697613,0.0009946949602122016,0.004973474801061008,0.0029840848806366046,0.0023209549071618036,0.009876543209876543,0.013692480359147026,0.01122334455667789,0.0004489337822671156,0.0026936026936026937,0.004489337822671156,0.006734006734006734
AAPL_2022-Q4,AAPL,2022-Q4,2022-10-27,0.022591699454245464,0.010026653128569615,0.008249777890595254,0.0007615179591318695,0.001523035918263739,0.003680670135804036,0.004822947074501841,0.028877887788778877,0.00825082508250825,0.005225522552255226,0.0011001100110011,0.0011001100110011,0.0035753575357535755,0.0016501650165016502,0.01720480791892529,0.011548432712703276,0.010841385811925524,0.0004713646005185011,0.0018854584020740043,0.0037709168041480086,0.007541833608296017
AAPL_2023-Q1,AAPL,2023-Q1,2023-02-02,0.016828217555196555,0.011847065158858373,0.005654281098546042,0.0004038772213247173,0.0017501346257404416,0.0039041464728056005,0.0030963920301561657,0.02231899836690256,0.008982035928143712,0.005171475231355471,0.0005443658138268917,0.0029940119760479044,0.003810560696788242,0.0024496461622210124,0.011454448588172616,0.014651038891848695,0.006126798082045818,0.0002663825253063399,0.0005327650506126798,0.003995737879595098,0.0037293553542887587
AMZN_2018-Q2,AMZN,2018-Q2,"['Amazon (AMZN 0.11%) Q2 2018 ', 'Jul. 26, 2018 5:30 p.m. ET']",0.020888257959845873,0.009531535185560738,0.009125937943621983,0.0008111944838775097,0.0006083958629081322,0.002839180693571284,0.005272764145203813,0.0,0.0182370820668693,0.0425531914893617,0.0060790273556231,0.0,0.00911854103343465,0.0182370820668693,0.022381573229030855,0.008909169926119079,0.006736201651455889,0.000434593654932638,0.000651890482398957,0.0023902651021295088,0.004345936549326379
AMZN_2019-Q1,AMZN,2019-Q1,2019-04-25,0.013516086046068913,0.01066057490957548,0.009328003045878545,0.001332571863696935,0.0009518370454978108,0.0057110222729868645,0.005901389682086427,0.0,0.01791044776119403,0.041791044776119404,0.005970149253731343,0.0,0.011940298507462687,0.01791044776119403,0.014436762911752745,0.010166734444896299,0.0071167141114274095,0.0010166734444896298,0.0010166734444896298,0.005286701911346075,0.005083367222448149
AMZN_2020-Q2,AMZN,2020-Q2,2020-07-30,0.014205986808726534,0.010485371215964823,0.012007441231185523,0.0008455944529003889,0.0010147133434804667,0.0033823778116015557,0.006257398951462878,0.014867485455720749,0.005817711700064641,0.01616031027795734,0.001292824822236587,0.001292824822236587,0.003232062055591467,0.007110536522301228,0.013971598717361429,0.012139257901969767,0.010535959688502062,0.0006871278057718735,0.0009161704076958314,0.003435639028859368,0.005955107650022904
AMZN_2020-Q4,AMZN,2020-Q4,2021-02-02,0.016719242902208203,0.007728706624605678,0.008517350157728707,0.00047318611987381704,0.0011041009463722397,0.004416403785488959,0.004574132492113565,0.018238993710691823,0.006918238993710692,0.013836477987421384,0.0012578616352201257,0.0025157232704402514,0.006289308176100629,0.006918238993710692,0.016210526315789474,0.008,0.006736842105263158,0.0002105263157894737,0.0006315789473684211,0.003789473684210526,0.003789473684210526
AMZN_2021-Q1,AMZN,2021-Q1,2021-04-29,0.02334851936218679,0.009111617312072893,0.008352315869400152,0.00037965072133637056,0.0007593014426727411,0.0028473804100227792,0.004745634016704632,0.018504240555127217,0.0038550501156515036,0.015420200462606014,0.0015420200462606013,0.002313030069390902,0.005397070161912105,0.006939090208172706,0.024930747922437674,0.01082850667338202,0.0060438176781667085,0.0,0.0002518257365902795,0.002014605892722236,0.004029211785444472
AMZN_2021-Q2,AMZN,2021-Q2,2021-07-29,0.014865337530605106,0.009618747813920952,0.009793634137810424,0.0008744316194473592,0.0015739769150052466,0.002973067506121021,0.005771248688352571,0.011255924170616114,0.006516587677725118,0.013033175355450236,0.001184834123222749,0.0035545023696682463,0.002962085308056872,0.005924170616113744,0.016377171215880892,0.010918114143920596,0.008436724565756825,0.0007444168734491315,0.0007444168734491315,0.002977667493796526,0.005707196029776675
AMZN_2021-Q3,AMZN,2021-Q3,2021-10-28,0.015119492765403999,0.010567387416680214,0.0068281580230856774,0.0006503007641033978,0.002113477483336043,0.00292635343846529,0.004226954966672086,0.011816838995568686,0.009847365829640572,0.010832102412604629,0.0009847365829640572,0.0034465780403741997,0.0029542097488921715,0.0054160512063023145,0.01674757281553398,0.010922330097087379,0.0048543689320388345,0.0004854368932038835,0.0014563106796116505,0.002912621359223301,0.0036407766990291263
AMZN_2021-Q4,AMZN,2021-Q4,2022-02-03,0.019722901385493073,0.010594947025264874,0.008312958435207823,0.0004889975550122249,0.0009779951100244498,0.0037489812550937245,0.004889975550122249,0.017876489707475622,0.009209100758396533,0.010834236186348862,0.0010834236186348862,0.0016251354279523294,0.0065005417118093175,0.003791982665222102,0.02051760317090231,0.01119141991140126,0.007227792026113313,0.00023315458148752622,0.0006994637444625787,0.0025647003963627886,0.005362555374213103
AMZN_2022-Q1,AMZN,2022-Q1,2022-04-28,0.009278159213212098,0.012803859714232696,0.011504917424383003,0.00037112636852848393,0.001298942289849694,0.005195769159398776,0.004824642790870292,0.010240655401945725,0.010752688172043012,0.01638504864311316,0.0010240655401945725,0.002048131080389145,0.004608294930875576,0.004608294930875576,0.008731082654249126,0.013969732246798603,0.008731082654249126,0.0,0.0008731082654249127,0.005529685681024447,0.004947613504074505
AMZN_2022-Q2,AMZN,2022-Q2,2022-07-28,0.020302760463045414,0.010507569011576135,0.008904719501335707,0.0008904719501335708,0.0016028495102404273,0.0037399821905609973,0.004096170970614425,0.020249221183800622,0.010384215991692628,0.015057113187954309,0.0010384215991692627,0.0010384215991692627,0.004672897196261682,0.005711318795430945,0.020330712930333422,0.01057197072377338,0.0056925996204933585,0.000813228517213337,0.0018975332068311196,0.003252914068853348,0.003252914068853348
AMZN_2022-Q3,AMZN,2022-Q3,2022-10-27,0.018699025263576686,0.011139844837875473,0.009349512631788343,0.00039785160135269546,0.0013924806047344342,0.00437636761487965,0.002983887010145216,0.02035203520352035,0.00825082508250825,0.015401540154015401,0.0011001100110011,0.00055005500550055,0.0038503850385038503,0.0038503850385038503,0.017762542848239325,0.012776565908382673,0.005920847616079776,0.0,0.001869741352446245,0.004674353381115612,0.0024929884699283265
AMZN_2022-Q4,AMZN,2022-Q4,2023-02-02,0.011341632088520055,0.009266943291839557,0.010926694329183955,0.0013831258644536654,0.0009681881051175657,0.005117565698478562,0.005532503457814661,0.012748597654258032,0.011218765935747067,0.01580826109127996,0.00407955124936257,0.0035696073431922487,0.005099439061703213,0.004589495155532891,0.010817992028847978,0.00854052002277472,0.009109888024293035,0.0003795786676788764,0.0,0.005124312013664832,0.005883469349022585
BAC_2020-Q4,BAC,2020-Q4,2021-01-19,0.01379205819945438,0.013867838739011823,0.006365565322825098,0.0012124886329190664,0.0009093664746892998,0.004016368596544408,0.002728099424067899,0.016376306620209058,0.015331010452961672,0.004181184668989547,0.0015679442508710801,0.0010452961672473868,0.0027874564459930314,0.0013937282229965157,0.011802575107296138,0.012741416309012876,0.008047210300429184,0.0009388412017167382,0.0008047210300429185,0.00496244635193133,0.0037553648068669528
BAC_2021-Q1,BAC,2021-Q1,2021-04-15,0.014790609682689828,0.007997248258663686,0.008255224008943159,0.0011178949178777195,0.001805830251956316,0.0035256685871528077,0.003955628170951931,0.020015546055188495,0.012048192771084338,0.007190050524679362,0.00194325689856199,0.002331908278274388,0.003109211037699184,0.001748931208705791,0.01064322073114299,0.004781736850223662,0.009100724973006324,0.00046274872744099955,0.0013882461823229986,0.0038562393953416626,0.005707234305105661
BAC_2021-Q2,BAC,2021-Q2,2021-07-14,0.017930327868852458,0.011270491803278689,0.007069672131147541,0.001639344262295082,0.0015368852459016393,0.0033811475409836066,0.0028688524590163933,0.021166057340773523,0.014238984029247642,0.005964979796036175,0.0023090244371752936,0.001539349624783529,0.0028862805464691167,0.0023090244371752936,0.014245014245014245,0.007889546351084813,0.008327854481700635,0.0008766162612316459,0.0015340784571553803,0.0039447731755424065,0.0035064650449265836
BAC_2021-Q3,BAC,2021-Q3,2021-10-14,0.01762313601446001,0.009850881156800722,0.007049254405784003,0.0006326253953908721,0.001174875734297334,0.0028920018075011297,0.003886127428829643,0.0220949263502455,0.009206219312602291,0.005523731587561375,0.0010229132569558102,0.0016366612111292963,0.0022504091653027824,0.0024549918166939444,0.014084507042253521,0.010361016674761211,0.00825643516270034,0.00032378177108628785,0.0008094544277157196,0.003399708596406022,0.005018617451837462
BAC_2021-Q4,BAC,2021-Q4,2022-01-19,0.014490223463687151,0.005673882681564246,0.006459497206703911,0.0006983240223463687,0.000960195530726257,0.0026187150837988825,0.003055167597765363,0.018514946962391515,0.0048216007714561235,0.004243008678881389,0.0007714561234329798,0.0009643201542912247,0.0015429122468659595,0.0015429122468659595,0.011162494020092489,0.006378568011481423,0.00829213841492585,0.0006378568011481422,0.0009567852017222134,0.0035082124063147823,0.00430553340774996
BAC_2022-Q1,BAC,2022-Q1,2022-04-18,0.014371343973423847,0.009966057629811512,0.008593919260489637,0.0010110493247634867,0.0006499602802050986,0.004044197299053947,0.0035386726366722033,0.015061238000662032,0.012744124462098643,0.008606421714664018,0.0009930486593843098,0.0006620324395895399,0.0024826216484607746,0.0028136378682555446,0.013837283792440744,0.007815502882767457,0.008584240871236387,0.0010249839846252402,0.0006406149903907751,0.005253042921204356,0.004099935938500961
BAC_2022-Q2,BAC,2022-Q2,2022-07-18,0.012267549410962905,0.011391295881608412,0.0060364132022198425,0.0012656995424009346,0.0012656995424009346,0.00262876058806348,0.0025313990848018692,0.015068493150684932,0.012671232876712329,0.0061643835616438354,0.002226027397260274,0.0015410958904109589,0.002397260273972603,0.0018835616438356165,0.008575942225231325,0.009704355675919657,0.005867749943579328,0.0,0.0009027307605506658,0.002933874971789664,0.003385240352064997
BAC_2022-Q3,BAC,2022-Q3,2022-10-17,0.014371164452730522,0.012040705352287734,0.006292239571195526,0.002019731220383749,0.0006991377301328362,0.0013982754602656724,0.0018643672803542299,0.01678944663354463,0.015418879561418537,0.004968305636457084,0.002569813260236423,0.001027925304094569,0.0013705670721260923,0.0015418879561418537,0.01236498010233087,0.00923820352472996,0.007390562819783968,0.0015633882888004549,0.00042637862421830583,0.0014212620807276862,0.0021318931210915293
COST_2020-Q1,COST,2020-Q1,2019-12-12,0.01245787807617686,0.007352190340038803,0.009190237925048503,0.0009190237925048504,0.0002042275094455223,0.003369753905851118,0.005718370264474625,0.005958829902491874,0.007042253521126761,0.011375947995666305,0.0010834236186348862,0.0005417118093174431,0.0027085590465872156,0.0016251354279523294,0.013967534918837296,0.007424185227129734,0.008682521706304265,0.0008808355354221719,0.00012583364791745311,0.0035233421416886877,0.006669183339625016
COST_2020-Q2,COST,2020-Q2,2020-03-05,0.012351029252437704,0.00877573131094258,0.008017334777898158,0.0013001083423618636,0.0011917659804983748,0.0032502708559046588,0.0039003250270855903,0.014789175582127124,0.006922592825676526,0.006607929515418502,0.0012586532410320957,0.0009439899307740718,0.003461296412838263,0.0022026431718061676,0.011070720423000661,0.009748843357567746,0.00875743555849306,0.0013218770654329147,0.0013218770654329147,0.0031394580304031725,0.0047918043621943155
COST_2021-Q2,COST,2021-Q2,2021-03-04,0.014893389049608914,0.009536054859102111,0.00932176149148184,0.0016072002571520412,0.00010714668381013607,0.003964427300975035,0.003857280617164899,0.014625850340136054,0.006122448979591836,0.006122448979591836,0.0020408163265306124,0.0003401360544217687,0.004081632653061225,0.0003401360544217687,0.015016424213984044,0.0111058970749257,0.010793054903801032,0.0014077897700610043,0.0,0.003910527139058345,0.005474737994681683
COST_2021-Q3,COST,2021-Q3,2021-05-27,0.013283280392723073,0.008951775916835113,0.009144287226874579,0.0012513235152565214,0.0003850226200789296,0.0034652035807103665,0.005101549716045818,0.01295756397797214,0.007450599287333981,0.006154842889536767,0.0022675736961451248,0.0012957563977972141,0.0051830255911888565,0.001943634596695821,0.013420980553273076,0.00958641468090934,0.010408107367844427,0.0008216926869350862,0.0,0.002738975623116954,0.006436592714324843
COST_2021-Q4,COST,2021-Q4,2021-09-23,0.01690694626474443,0.009043250327653997,0.007601572739187418,0.001310615989515072,0.000655307994757536,0.00327653997378768,0.0034076015727391874,0.017868745938921377,0.00649772579597141,0.006172839506172839,0.001299545159194282,0.0003248862897985705,0.0029239766081871343,0.000649772579597141,0.01625659050966608,0.010764499121265378,0.008567662565905097,0.0013181019332161687,0.0008787346221441124,0.0035149384885764497,0.005272407732864675
COST_2022-Q1,COST,2022-Q1,2021-12-09,0.017239461683906127,0.008119230341452564,0.010899788677566455,0.0014458903347792237,0.000667334000667334,0.0024468913357802245,0.007118229340451563,0.021078956770275097,0.007859949982136478,0.0057163272597356195,0.0007145409074669524,0.0014290818149339049,0.002500893176134334,0.002500893176134334,0.015503875968992248,0.008236434108527133,0.013242894056847546,0.0017764857881136951,0.00032299741602067185,0.0024224806201550387,0.009205426356589148
COST_2022-Q2,COST,2022-Q2,2022-03-03,0.014234476574759023,0.009751176866173503,0.00941492938802959,0.0008966599417171038,0.0004483299708585519,0.003474557274153777,0.004371217215870881,0.014700854700854702,0.0044444444444444444,0.005128205128205128,0.0006837606837606838,0.0003418803418803419,0.0037606837606837607,0.0003418803418803419,0.014007003501750876,0.012339503084875771,0.01150575287643822,0.0010005002501250625,0.0005002501250625312,0.0033350008337502085,0.006336501584125396
COST_2022-Q3,COST,2022-Q3,2022-05-26,0.016292134831460674,0.008314606741573034,0.009213483146067417,0.00044943820224719103,0.0012359550561797752,0.004382022471910113,0.006179775280898876,0.01732137333745747,0.007732755954222085,0.006186204763377668,0.0009279307145066501,0.001546551190844417,0.005876894525208784,0.0027837921435199505,0.015704958531851068,0.008646550202929239,0.010940532909828833,0.0001764602082230457,0.0010587612493382743,0.0035292041644609143,0.008117169578260102
COST_2022-Q4,COST,2022-Q4,2022-09-22,0.012123272150464536,0.009064128710627692,0.0066847949240879225,0.0006798096532970768,0.0005665080444142307,0.002719238613188307,0.0036256514842510764,0.012114537444933921,0.006240822320117474,0.006240822320117474,0.0018355359765051395,0.0003671071953010279,0.0025697503671071953,0.0014684287812041115,0.012127171419206818,0.01032448377581121,0.00688298918387414,0.00016388069485414618,0.0006555227794165847,0.0027859718125204853,0.004588659455916093
COST_2023-Q1,COST,2023-Q1,2022-12-08,0.015377657168701944,0.009724106739032113,0.007462686567164179,0.0009045680687471732,0.0004522840343735866,0.003165988240615106,0.003165988240615106,0.012298558100084818,0.008481764206955046,0.005937234944868533,0.001272264631043257,0.001272264631043257,0.0033927056827820186,0.0008481764206955047,0.016497070613629355,0.010175763182238668,0.008017267961763799,0.000770891150169596,0.0001541782300339192,0.003083564600678384,0.004008633980881899
CVX_2020-Q4,CVX,2020-Q4,2021-01-29,0.013453339649455234,0.012032212221695879,0.008337280909521554,0.0010421601136901943,0.001989578398863098,0.003505447655139744,0.0045476077688299385,0.017478813559322032,0.020127118644067795,0.005296610169491525,0.001059322033898305,0.004766949152542373,0.0031779661016949155,0.0015889830508474577,0.012576439367716626,0.010268835814007154,0.008999653859466944,0.0010384215991692627,0.0013845621322256837,0.0035767855082496827,0.005192107995846314
CVX_2021-Q1,CVX,2021-Q1,2021-04-30,0.014780100937274693,0.00973323720259553,0.00600817111271329,0.0015621244893054553,0.0007209805335255948,0.0031242489786109107,0.003965392934390771,0.0163098878695209,0.010193679918450561,0.0020387359836901123,0.0030581039755351682,0.0,0.0030581039755351682,0.0010193679918450561,0.014575670889524588,0.00967170685192753,0.006538618716796077,0.0013622122326658493,0.0008173273395995096,0.0031330881351314534,0.004359079144530718
CVX_2021-Q2,CVX,2021-Q2,2021-07-30,0.015641538280606843,0.006585910854992356,0.007644360813830413,0.0004704222039280254,0.0007056333058920382,0.003645772080442197,0.003292955427496178,0.016140350877192983,0.005614035087719298,0.007017543859649123,0.002807017543859649,0.0014035087719298245,0.004210526315789474,0.0007017543859649122,0.015541113308844307,0.006781576716586606,0.007770556654422153,0.0,0.0005651313930488839,0.0035320712065555243,0.003814636903079966
CVX_2021-Q3,CVX,2021-Q3,2021-10-29,0.013594562175129948,0.00819672131147541,0.008096761295481807,0.000899640143942423,0.0005997600959616154,0.003398640543782487,0.004598160735705718,0.022452504317789293,0.0051813471502590676,0.0051813471502590676,0.0017271157167530224,0.0,0.0025906735751295338,0.0008635578583765112,0.012434998869545558,0.008591453764413294,0.008478408320144699,0.0007913181098801719,0.0006782726656115759,0.0035044087723264754,0.005087044992086819
CVX_2021-Q4,CVX,2021-Q4,2022-01-28,0.015682656826568265,0.012107933579335794,0.00922509225092251,0.002882841328413284,0.0006918819188191881,0.0026522140221402215,0.004727859778597786,0.018584070796460177,0.01327433628318584,0.0035398230088495575,0.005309734513274336,0.0017699115044247787,0.007079646017699115,0.0017699115044247787,0.015247944842216919,0.011933174224343675,0.01007690267833466,0.002519225669583665,0.0005303632988597189,0.001988862370723946,0.005171042163882259
CVX_2022-Q1,CVX,2022-Q1,2022-04-29,0.010041551246537396,0.009579870729455217,0.010156971375807941,0.0011542012927054479,0.001038781163434903,0.0035780240073868884,0.005655586334256694,0.006564551422319475,0.0175054704595186,0.005470459518599562,0.002188183807439825,0.0010940919037199124,0.0032822757111597373,0.0010940919037199124,0.010451612903225806,0.00864516129032258,0.010709677419354838,0.001032258064516129,0.001032258064516129,0.0036129032258064514,0.006193548387096774
CVX_2022-Q2,CVX,2022-Q2,2022-07-29,0.017206798268763854,0.007811675287659664,0.006122664414652169,0.0010556317956296843,0.0011611949751926527,0.0030613322073260846,0.004116964002955769,0.01722488038277512,0.00861244019138756,0.007655502392344498,0.0019138755980861245,0.0019138755980861245,0.003827751196172249,0.004784688995215311,0.017204556241101093,0.007712387280493593,0.005932605600379687,0.0009492168960607499,0.0010678690080683437,0.0029663028001898433,0.004034171808258187
CVX_2022-Q3,CVX,2022-Q3,2022-10-28,0.01159870859739328,0.009924668181274663,0.009326796604089442,0.0015544661006815735,0.001913189046992706,0.004663398302044721,0.006337438718163339,0.010869565217391304,0.009510869565217392,0.001358695652173913,0.004076086956521739,0.0,0.004076086956521739,0.001358695652173913,0.011669070407761899,0.009964599449324768,0.010095712599973777,0.001311131506490101,0.0020978104103841614,0.0047200734233643635,0.006817883833748525
GS_2020-Q3,GS,2020-Q3,2020-10-14,0.017203737664832765,0.011876691991965766,0.012837306785433586,0.001047943411055803,0.002095886822111606,0.00462841673216313,0.004715745349751114,0.02108237339708759,0.010867202782003912,0.012823299282764617,0.001738752445120626,0.0023907846120408607,0.003477504890241252,0.0039121930015214084,0.014598540145985401,0.012554744525547445,0.012846715328467153,0.0005839416058394161,0.0018978102189781021,0.005401459854014599,0.005255474452554744
JNJ_2019-Q2,JNJ,2019-Q2,2019-07-16,0.025913562895291637,0.014406184118060435,0.0066760365425158116,0.0021082220660576245,0.0005270555165144061,0.003777231201686578,0.003162333099086437,0.027862429255550717,0.013278188942098389,0.0056595559425337396,0.00108837614279495,0.00043535045711797995,0.0034828036569438396,0.00195907705703091,0.02459499263622975,0.015169366715758468,0.007363770250368188,0.0027982326951399117,0.000589101620029455,0.0039764359351988215,0.0039764359351988215
JNJ_2020-Q4,JNJ,2020-Q4,2021-01-26,0.024144022882140154,0.01404896104988643,0.00824430049634054,0.0010095061832253722,0.0014301337595692774,0.004879279885589299,0.0026920164886009928,0.027124773960216998,0.01567209162145871,0.007082579867389994,0.0016576250753465944,0.0019590114526823387,0.004370102471368294,0.0004520795660036166,0.020377071034088746,0.011997714721005522,0.00971243572652828,0.00019043991620643687,0.0007617596648257475,0.0055227575699866695,0.0055227575699866695
JNJ_2021-Q1,JNJ,2021-Q1,2021-04-20,0.021601893864667588,0.015289011639376604,0.010455711185638194,0.001085026632471888,0.0016768593410929177,0.0039455513908068654,0.0044387453146577235,0.023429400787891352,0.012440389798880364,0.009744972009122952,0.0,0.0026954177897574125,0.0043541364296081275,0.0018660584698320546,0.019943555973659453,0.017873941674506115,0.01110065851364064,0.0020696142991533397,0.0007525870178739417,0.003574788334901223,0.006773283160865475
JNJ_2021-Q2,JNJ,2021-Q2,2021-07-21,0.02427947598253275,0.010917030567685589,0.00794759825327511,0.000611353711790393,0.0009606986899563319,0.00445414847161572,0.0037554585152838427,0.02744186046511628,0.006666666666666667,0.00806201550387597,0.00062015503875969,0.0009302325581395349,0.004651162790697674,0.002325581395348837,0.0202,0.0164,0.0078,0.0006,0.001,0.0042,0.0056
JNJ_2021-Q3,JNJ,2021-Q3,2021-10-19,0.021636076334022123,0.01568007779263401,0.00911632429804303,0.0031603257566549165,0.002552570803452048,0.004375835663060654,0.0036465297192172117,0.02076716344979233,0.014659174199853409,0.008795504519912045,0.0029318348399706815,0.0031761544099682387,0.004153432689958466,0.0019545565599804545,0.022496371552975326,0.016690856313497822,0.009433962264150943,0.003386550556361877,0.0019351717464925011,0.004596032897919691,0.005321722302854378
JNJ_2021-Q4,JNJ,2021-Q4,2022-01-25,0.023811570532106936,0.010831255909911458,0.010057594773489211,0.0006017364394395255,0.001633284621335855,0.00661910083383478,0.003696380985128514,0.024891601092018628,0.010759595310743537,0.010277822386381886,0.0008029548739360848,0.0025694555965954714,0.006423638991488678,0.0022482736470210373,0.022567517573066964,0.010913799482056974,0.00980392156862745,0.0003699593044765076,0.0005549389567147614,0.00684424713281539,0.00536440991490936
JNJ_2022-Q1,JNJ,2022-Q1,2022-04-19,0.019208649643432253,0.01092707614446745,0.007936507936507936,0.00023004370830457787,0.001840349666436623,0.004025764895330112,0.003795721187025535,0.020716685330347144,0.012877939529675251,0.0083986562150056,0.0005599104143337066,0.003639417693169093,0.004479283314669653,0.0016797312430011197,0.01815696993361968,0.009566575556423273,0.007614213197969543,0.0,0.0005857087075361187,0.003709488481062085,0.005271378367825068
JNJ_2022-Q2,JNJ,2022-Q2,2022-07-19,0.027686145146088595,0.0117813383600377,0.007186616399622997,0.002120640904806786,0.002120640904806786,0.005772855796418473,0.003180961357210179,0.0274858528698464,0.011856642414443546,0.007275666936135812,0.0013473457289140394,0.002155753166262463,0.006197790353004581,0.0026946914578280788,0.027841741678877957,0.011722838601632824,0.0071174377224199285,0.00272137324680762,0.0020933640360058614,0.00544274649361524,0.0035587188612099642
JNJ_2022-Q3,JNJ,2022-Q3,2022-10-18,0.01913818006740491,0.011314395763119885,0.009027443428021184,0.0007221954742416948,0.0008425613866153105,0.004212806933076553,0.003490611458834858,0.0238373451741061,0.01191867258705305,0.007712082262210797,0.0009347978499649451,0.0009347978499649451,0.003972890862351017,0.0009347978499649451,0.014147431124348473,0.010672623479771656,0.010424422933730455,0.0004964010920824026,0.0007446016381236039,0.004467609828741623,0.0062050136510300325
JNJ_2022-Q4,JNJ,2022-Q4,2023-01-24,0.018822499452834318,0.01247537754432042,0.010615014226307727,0.0006565988181221273,0.0014226307725979427,0.005690523090391771,0.003173560954256949,0.020770316596087923,0.011292599314377899,0.009477717281710022,0.001008267795926598,0.0024198427102238356,0.006049606775559589,0.001008267795926598,0.016511127063890883,0.013878918401531467,0.011964584828906437,0.00023929169657812874,0.00023929169657812874,0.005264417324718832,0.00574300071787509
JPM_2020-Q4,JPM,2020-Q4,2021-01-15,0.013787449694440304,0.009166790877925175,0.009092264122820092,0.0011179013265762408,0.0014905351021016545,0.005962140408406618,0.004695185571620211,0.010909935004642525,0.0064995357474466105,0.009517177344475394,0.0006963788300835655,0.00255338904363974,0.003714020427112349,0.004178272980501393,0.015148188803512623,0.010428100987925357,0.00889132821075741,0.0013172338090010978,0.0009879253567508233,0.007025246981339188,0.004939626783754116
JPM_2021-Q1,JPM,2021-Q1,2021-04-14,0.011280140743040463,0.012211528510814447,0.010245265445513815,0.0004139501190106592,0.002690675773569285,0.004863913898375246,0.00517437648763324,0.015677491601343786,0.011198208286674132,0.008585293019783502,0.0011198208286674132,0.0014930944382232176,0.0022396416573348264,0.0026129152668906306,0.00959335624284078,0.012600229095074456,0.010882016036655211,0.000143184421534937,0.003150057273768614,0.005870561282932417,0.006156930126002291
JPM_2021-Q2,JPM,2021-Q2,2021-07-13,0.012017386857581181,0.009545725730844626,0.01039802267109861,0.0003409187761015938,0.001704593880507969,0.0029830392908889456,0.004858092559447712,0.018157058556513846,0.007262823422605538,0.005447117566954153,0.00045392646391284613,0.0009078529278256923,0.0027235587834770767,0.00045392646391284613,0.010598111227701993,0.010073452256033578,0.011542497376705142,0.0003147953830010493,0.001888772298006296,0.00304302203567681,0.005876180482686254
JPM_2021-Q3,JPM,2021-Q3,2021-10-13,0.011791477037649978,0.010136532892014894,0.008791890773686388,0.0008274720728175424,0.001034340091021928,0.0034133223003723623,0.003930492345883326,0.019726027397260273,0.011506849315068493,0.006027397260273973,0.001095890410958904,0.001095890410958904,0.002191780821917808,0.0027397260273972603,0.00994517404054571,0.009817671809256662,0.00943516511538952,0.0007650133877342854,0.0010200178503123804,0.003697564707382379,0.004207573632538569
JPM_2021-Q4,JPM,2021-Q4,2022-01-14,0.01152197213290461,0.00964630225080386,0.011120042872454447,0.0008708467309753484,0.001272775991425509,0.0031484458735262593,0.005493033226152197,0.0162748643761302,0.007233273056057866,0.0108499095840868,0.00135623869801085,0.000678119349005425,0.0018083182640144665,0.00406871609403255,0.00952018278750952,0.010662604722010662,0.011233815689261234,0.0006664127951256664,0.0015232292460015233,0.0037128712871287127,0.006092916984006093
JPM_2022-Q1,JPM,2022-Q1,2022-04-13,0.009963547995139732,0.013973268529769137,0.014337788578371811,0.00024301336573511544,0.0009720534629404617,0.0035236938031591738,0.005832320777642771,0.012418687167356593,0.01655824955647546,0.011235955056179775,0.0,0.0011827321111768185,0.002365464222353637,0.0011827321111768185,0.009328643523474537,0.01330478666462762,0.015139929652852118,0.0003058571647040832,0.0009175714941122495,0.00382321455880104,0.007034714788193914
JPM_2022-Q2,JPM,2022-Q2,2022-07-14,0.012014314928425357,0.017510224948875254,0.012525562372188138,0.0005112474437627812,0.0011503067484662577,0.0031952965235173825,0.004984662576687116,0.008120649651972157,0.01334106728538283,0.008120649651972157,0.000580046403712297,0.002900232018561485,0.001160092807424594,0.0017401392111368909,0.013114754098360656,0.018688524590163933,0.01377049180327869,0.0004918032786885246,0.0006557377049180328,0.0037704918032786887,0.005901639344262295
JPM_2022-Q3,JPM,2022-Q3,2022-10-14,0.008769487750556793,0.01698218262806236,0.014894209354120268,0.00027839643652561246,0.0008351893095768374,0.0033407572383073497,0.006403118040089087,0.009224318658280923,0.013836477987421384,0.009224318658280923,0.0004192872117400419,0.0016771488469601676,0.004612159329140462,0.0020964360587002098,0.008543446551364868,0.01854553031881642,0.017712023338195458,0.00020837674515524068,0.00041675349031048136,0.0027088976870181286,0.008543446551364868
META_2019-Q2,META,2019-Q2,2019-07-24,0.01618314584566805,0.008091572922834024,0.008091572922834024,0.004045786461417012,0.0017761989342806395,0.005032563647128479,0.0049338859285573316,0.017857142857142856,0.006904761904761905,0.010238095238095239,0.0038095238095238095,0.0030952380952380953,0.005952380952380952,0.004047619047619047,0.014998314796090328,0.008931580721267273,0.006572295247724975,0.0042130097741826765,0.0008426019548365353,0.004381530165149983,0.005561172901921132
META_2020-Q1,META,2020-Q1,2020-04-29,0.00992478061011283,0.011491851232762224,0.008984538236523192,0.0006268282490597576,0.0010447137484329294,0.003238612620142081,0.005536982866694525,0.009430473372781065,0.01275887573964497,0.008505917159763314,0.0005547337278106509,0.0018491124260355029,0.004252958579881657,0.003883136094674556,0.010566762728146013,0.00984630163304515,0.009606147934678195,0.0007204610951008645,0.0,0.0019212295869356388,0.007684918347742555
META_2020-Q4,META,2020-Q4,2021-01-27,0.01442852725961043,0.010203029990724519,0.006183654539833041,0.0009275481809749562,0.0011336699989693908,0.003916314541894259,0.003813253632897042,0.014722536806342015,0.008305020762551907,0.0056625141562853904,0.0009437523593808985,0.0009437523593808985,0.003775009437523594,0.0028312570781426952,0.014074914869466515,0.012485811577752554,0.00681044267877412,0.0009080590238365494,0.001362088535754824,0.004086265607264473,0.004994324631101022
META_2021-Q1,META,2021-Q1,2021-04-28,0.018119693518326777,0.0056947608200455585,0.004762890867674467,0.000724787740733071,0.0012424932698281218,0.003934562021122386,0.0032097742803893145,0.019882179675994108,0.002700049091801669,0.005154639175257732,0.0012272950417280314,0.0019636720667648502,0.003436426116838488,0.0022091310751104565,0.01683381088825215,0.007879656160458453,0.004477077363896848,0.00035816618911174784,0.0007163323782234957,0.004297994269340974,0.003939828080229226
META_2021-Q3,META,2021-Q3,2021-10-25,0.016987310683585756,0.009721653704461727,0.0057306590257879654,0.0006139991813344249,0.0006139991813344249,0.005832992222677036,0.0022513303315595578,0.019200361418567877,0.008131917777275807,0.006550711542805511,0.00112943302462164,0.0009035464196973119,0.008131917777275807,0.001581206234470296,0.015154349859681946,0.011038353601496726,0.005051449953227315,0.00018709073900841907,0.00037418147801683815,0.0039289055191768,0.002806361085126286
META_2021-Q4,META,2021-Q4,2022-02-02,0.012633525061626951,0.009141331142152835,0.006881676253081347,0.0009244042728019721,0.0012325390304026294,0.005238290879211175,0.004313886606409203,0.018622391743325105,0.006057886470720216,0.004936055642809065,0.0013461969934933811,0.001121830827911151,0.005609154139555755,0.002243661655822302,0.00757719265012313,0.01174464860769085,0.00852434173138852,0.0005682894487592347,0.0013260087137715476,0.004925175222580034,0.006061754120098503
META_2022-Q1,META,2022-Q1,2022-04-27,0.017660269497754184,0.010208248264597795,0.007247856267864434,0.0015312372396896693,0.0007145773785218457,0.006329113924050633,0.004185381788485096,0.018160377358490565,0.008254716981132075,0.005660377358490566,0.0009433962264150943,0.0007075471698113207,0.006839622641509434,0.0018867924528301887,0.017278617710583154,0.01169906407487401,0.008459323254139669,0.0019798416126709864,0.0007199424046076314,0.005939524838012959,0.005939524838012959
META_2022-Q2,META,2022-Q2,2022-07-27,0.0190686471296668,0.01013649136892814,0.006322761942994781,0.0007025291047771979,0.0005018065034122842,0.005218787635487756,0.003111200321156162,0.016791422213230833,0.009306089419380943,0.006676107626947198,0.000606918875177018,0.0008092251669026907,0.006271495043495853,0.0014161440420797087,0.021310495917147978,0.01095399322844055,0.005974905397331209,0.0007966540529774945,0.00019916351324437363,0.0041824337781318464,0.0047799243178649675
MSFT_2021-Q2,MSFT,2021-Q2,2021-01-26,0.02189679218967922,0.007531380753138075,0.008647140864714086,0.0012552301255230125,0.0012552301255230125,0.003905160390516039,0.0033472803347280333,0.025895893277530734,0.005493068270991368,0.009939837823698667,0.0015694480774261052,0.0015694480774261052,0.005754642950562386,0.00104629871828407,0.01732895129967135,0.00985957573946818,0.00717060053779504,0.00089632506722438,0.00089632506722438,0.00179265013444876,0.005975500448162534
MSFT_2021-Q3,MSFT,2021-Q3,2021-04-27,0.018196759802770603,0.009509274477576896,0.008335289974172341,0.0011739845034045551,0.0011739845034045551,0.0046959380136182205,0.0034045550598732098,0.021326095385808454,0.0077549437766576195,0.008918185343156262,0.0013571151609150834,0.0013571151609150834,0.006591702210158977,0.002520356727413726,0.013392857142857142,0.012202380952380952,0.00744047619047619,0.0008928571428571428,0.0008928571428571428,0.0017857142857142857,0.004761904761904762
MSFT_2021-Q4,MSFT,2021-Q4,2021-07-27,0.018944023466145196,0.01014421901735517,0.007699828892691274,0.002199951112197507,0.0030554876558298704,0.0046443412368614035,0.0024443901246638962,0.02117789431222267,0.007260992335619202,0.00826946349334409,0.0016135538523598225,0.0030254134731746672,0.005042355788624445,0.0016135538523598225,0.015508684863523574,0.01457816377171216,0.006823821339950372,0.003101736972704715,0.003101736972704715,0.004032258064516129,0.0037220843672456576
MSFT_2022-Q1,MSFT,2022-Q1,2021-10-26,0.0195232962031381,0.008504012456581627,0.00730626422326027,0.001197748233321356,0.002395496466642712,0.005270092226613966,0.0027548209366391185,0.021009268795056643,0.005149330587023687,0.008032955715756952,0.0012358393408856848,0.0016477857878475798,0.004943357363542739,0.0016477857878475798,0.017458500286204923,0.01316542644533486,0.006296508299942759,0.0011448196908986834,0.0034344590726960505,0.005724098454493417,0.004293073840870063
MSFT_2022-Q2,MSFT,2022-Q2,2022-01-25,0.01885498800137127,0.006742086618672152,0.006742086618672152,0.000799908581876357,0.0021711804365215403,0.004570906182150611,0.002056907781967775,0.019934828445466745,0.004216982940387195,0.007475560667050029,0.0011500862564692352,0.0015334483419589802,0.0040253018976423235,0.0011500862564692352,0.01726089417091115,0.010469722693831352,0.005659309564233163,0.0002829654782116582,0.00311262026032824,0.005376344086021506,0.003395585738539898
MSFT_2022-Q3,MSFT,2022-Q3,2022-04-26,0.01598073555166375,0.009851138353765323,0.009303852889667251,0.0013134851138353765,0.00186077057793345,0.005253940455341506,0.003830998248686515,0.017271835132482826,0.008832188420019628,0.00942100098135427,0.0017664376840039254,0.001962708537782139,0.005103042198233563,0.0015701668302257115,0.01435288294976491,0.011135857461024499,0.009156149467953477,0.0007423904974016332,0.0017322444939371442,0.00544419698094531,0.0066815144766146995
MSFT_2022-Q4,MSFT,2022-Q4,2022-07-26,0.014474293654469662,0.012621584066697545,0.007179249652616952,0.001621120889300602,0.0015053265400648448,0.005094951366373321,0.0018527095877721167,0.015990159901599015,0.01107011070110701,0.00825865401511158,0.001932876471621859,0.001932876471621859,0.005447197329116148,0.0010542962572482868,0.011544991511035654,0.01561969439728353,0.0050933786078098476,0.0010186757215619694,0.0006791171477079797,0.004414261460101867,0.003395585738539898
MSFT_2023-Q1,MSFT,2023-Q1,2022-10-25,0.015467904098994586,0.011269472986410341,0.00883880234228262,0.0008838802342282621,0.0007733952049497294,0.005634736493205171,0.002651640702684786,0.013919821826280624,0.008537490720118782,0.009651076466221232,0.0014847809948032665,0.0009279881217520415,0.006124721603563474,0.0016703786191536749,0.017745017745017744,0.015288015288015287,0.007644007644007644,0.0,0.000546000546000546,0.004914004914004914,0.004095004095004095
MSFT_2023-Q2,MSFT,2023-Q2,2023-01-24,0.013366162504396765,0.011021221714151718,0.008793527963418923,0.0011724703951225231,0.001055223355610271,0.004220893422441084,0.001875952632196037,0.014389833675948422,0.011773500280321435,0.009904690712016445,0.0016819286114744907,0.0014950476546439918,0.0039245000934404785,0.0007475238273219959,0.011642542479546885,0.009754562617998742,0.006922592825676526,0.00031466331025802394,0.00031466331025802394,0.004719949653870359,0.003775959723096287
NVDA_2019-Q3,NVDA,2019-Q3,2019-11-14,0.016787190082644628,0.008522727272727272,0.008135330578512397,0.0007747933884297521,0.0012913223140495868,0.003615702479338843,0.005940082644628099,0.016520392359318535,0.00619514713474445,0.007743933918430563,0.0015487867836861124,0.002581311306143521,0.005162622612287042,0.002581311306143521,0.016876183915963492,0.009299121749612537,0.008265885999655588,0.0005166178749784743,0.0008610297916307905,0.0030997072498708455,0.007060444291372482
NVDA_2020-Q2,NVDA,2020-Q2,2019-08-15,0.01687931951089846,0.008240297713981925,0.006911217437533227,0.0006645401382243488,0.0006645401382243488,0.0035885167464114833,0.004518872939925572,0.0228310502283105,0.0045662100456621,0.0076103500761035,0.0020294266869609334,0.0010147133434804667,0.005580923389142567,0.0025367833587011668,0.01476679272465334,0.009544390419593013,0.0066630650099045565,0.00018008283810552856,0.0005402485143165856,0.002881325409688457,0.005222402305060328
NVDA_2021-Q3,NVDA,2021-Q3,2021-11-17,0.013620604259534423,0.00829618623080733,0.009905894006934125,0.001114413075780089,0.0009905894006934125,0.0035908865775136204,0.005943536404160475,0.014084507042253521,0.006861682918020947,0.007583965330444204,0.002527988443481401,0.0010834236186348862,0.0032502708559046588,0.002527988443481401,0.013378556623327681,0.009044657998869417,0.011117392123610325,0.0003768607499528924,0.000942151874882231,0.003768607499528924,0.007725645374034295
NVDA_2021-Q4,NVDA,2021-Q4,2021-02-24,0.017654777525945367,0.004413694381486342,0.005487295717523559,0.0013121794107121556,0.001550757485387093,0.006799475128235715,0.0035786711201240607,0.021702838063439065,0.003672787979966611,0.006010016694490818,0.003005008347245409,0.001335559265442404,0.007679465776293823,0.002671118530884808,0.01540460282108389,0.004825538233110616,0.005196733481811433,0.0003711952487008166,0.0016703786191536749,0.006310319227913883,0.004083147735708983
NVDA_2022-Q2,NVDA,2022-Q2,2021-08-18,0.015309755518632803,0.006764775694279611,0.009375741751720864,0.001068122478044149,0.0018988844054118206,0.004035129361500119,0.006764775694279611,0.013541239228559704,0.004513746409519901,0.006565449322938038,0.0024620434961017644,0.0016413623307345096,0.004513746409519901,0.002872384078785392,0.01602938720988479,0.007680748038069795,0.010519285356486892,0.0005009183503088997,0.0020036734012355987,0.0038403740190348975,0.008348639171814994
NVDA_2022-Q4,NVDA,2022-Q4,2022-02-16,0.01731958762886598,0.004810996563573883,0.00865979381443299,0.0009621993127147767,0.0019243986254295533,0.007285223367697594,0.005223367697594502,0.016561514195583597,0.003943217665615142,0.007097791798107256,0.002365930599369085,0.0007886435331230284,0.009069400630914827,0.0027602523659305996,0.01772525849335303,0.005275374551593163,0.009495674192867693,0.00021101498206372652,0.0025321797847647183,0.006330449461911795,0.0065414644439755225
NVDA_2023-Q1,NVDA,2023-Q1,2022-05-25,0.016429622363903874,0.007479156449239823,0.007479156449239823,0.0003678273663560569,0.0024521824423737125,0.00392349190779794,0.004291319274153997,0.01901294498381877,0.007281553398058253,0.006877022653721683,0.0008090614886731392,0.0016181229773462784,0.0040453074433656954,0.0028317152103559872,0.015306122448979591,0.007565095003518649,0.007741027445460943,0.00017593244194229416,0.0028149190710767065,0.0038705137227304713,0.0049261083743842365
NVDA_2023-Q2,NVDA,2023-Q2,2022-08-24,0.011828233479043456,0.016070969400874262,0.010028284906145539,0.0005142710208279763,0.0012856775520699408,0.005914116739521728,0.0050141424530727695,0.01174068402246044,0.013272077590607452,0.013272077590607452,0.0015313935681470138,0.0015313935681470138,0.0035732516590096988,0.004594180704441042,0.011857707509881422,0.017013232514177693,0.008936243340780203,0.00017185083347654237,0.0012029558343357965,0.006702182505585152,0.005155525004296271
NVDA_2023-Q3,NVDA,2023-Q3,2022-11-16,0.011339662447257384,0.008570675105485231,0.008570675105485231,0.0006592827004219409,0.0009229957805907173,0.0046149789029535865,0.0050105485232067514,0.012669683257918552,0.0058823529411764705,0.008597285067873304,0.0013574660633484162,0.0018099547511312218,0.006334841628959276,0.0022624434389140274,0.010792705619650168,0.009676218831410495,0.008559732043170823,0.0003721622627465575,0.0005582433941198362,0.003907703758838854,0.006140677335318198
PFE_2020-Q4,PFE,2020-Q4,2021-02-02,0.017453135100193924,0.010423400129282482,0.013251454427925016,0.0011312217194570137,0.001535229476405947,0.011069812540400776,0.005736910148674854,0.02232435981615233,0.007441453272050777,0.010505581089954037,0.001969796454366382,0.001969796454366382,0.00678485445392865,0.0028452615451958854,0.014602280005123607,0.01216856667093634,0.014858460356090689,0.0006404508774177021,0.0012809017548354041,0.013577558601255283,0.007429230178045344
PFE_2021-Q1,PFE,2021-Q1,2021-05-04,0.012879729969799254,0.012257949902291704,0.013323858589447504,0.0025759459939598507,0.0014212115828744004,0.0076390122579499025,0.005507194883638301,0.014925373134328358,0.007357578305654824,0.013453857473197394,0.003994113937355476,0.002312381753205802,0.004834980029430313,0.0035736808913180576,0.011382864174742347,0.015843716351330566,0.013228734040916783,0.0015382248884786955,0.0007691124442393477,0.009690816797415782,0.00692201199815413
PFE_2021-Q2,PFE,2021-Q2,2021-07-28,0.01592433918034112,0.013580147118260447,0.014065152372484036,0.0023441920620806724,0.001293347344596233,0.008164255112763722,0.005092555169347668,0.01802162595114137,0.007408890668802563,0.01261513816579896,0.002603123748498198,0.001802162595114137,0.005206247496996396,0.0016019223067681217,0.014504541141385387,0.0177578961637522,0.015046766978446523,0.0021689033482445437,0.0009488952148569879,0.010166734444896299,0.0074556052595906195
PFE_2021-Q3,PFE,2021-Q3,2021-11-02,0.013715093672675857,0.010321668434075644,0.012371862849063274,0.002898550724637681,0.0010604453870625664,0.008624955814775539,0.0042417815482502655,0.01520013511231211,0.007600067556156055,0.011484546529302482,0.001520013511231211,0.0008444519506840061,0.004728930923830434,0.002533355852052018,0.01264591439688716,0.01228112840466926,0.013010700389105059,0.0038910505836575876,0.0012159533073929961,0.011429961089494163,0.005471789883268482
PFE_2021-Q4,PFE,2021-Q4,2022-02-08,0.015557741975156808,0.010638297872340425,0.012790554667322592,0.001598819333415324,0.0010453818718484812,0.007686631410650596,0.004611978846390358,0.01841047582004408,0.009334889148191364,0.014002333722287048,0.0009075586671852716,0.0016854660962012187,0.007649423051990146,0.003500583430571762,0.012983974733887004,0.011814247280383671,0.011697274535033338,0.002222482161656334,0.0004678909814013335,0.007720201193122002,0.005614691776816002
PFE_2022-Q2,PFE,2022-Q2,2022-07-28,0.01801265351693338,0.012579084480833643,0.011090435429847414,0.0033494603647190174,0.000893189430591738,0.006624488276888723,0.004912541868254559,0.017317612380250553,0.011422254974207811,0.013264554163596167,0.003316138540899042,0.0018422991893883567,0.0036845983787767134,0.0035003684598378776,0.01848382665167978,0.013363307106282004,0.009616585487698264,0.0033720494567253652,0.00024978144123891593,0.008617459722742601,0.005869863869114525
PFE_2022-Q3,PFE,2022-Q3,2022-11-01,0.016866781017724413,0.009433962264150943,0.012292738707833047,0.0016199733180865257,0.0012388031255955783,0.010386887745378312,0.005622260339241471,0.022999080036798528,0.010809567617295308,0.012879484820607176,0.0018399264029438822,0.0018399264029438822,0.007129714811407544,0.0034498620055197792,0.012528473804100227,0.008460787504067686,0.011877643996095021,0.001464367068011715,0.0008135372600065083,0.01269118125610153,0.007159127888057273
PFE_2022-Q4,PFE,2022-Q4,2023-01-31,0.016539542352468888,0.011160176635889201,0.01260537936571658,0.0012043356081894822,0.0012043356081894822,0.013087113608992373,0.004496186270574067,0.0234375,0.005701013513513513,0.010557432432432432,0.0010557432432432433,0.001900337837837838,0.006967905405405405,0.0027449324324324326,0.012307293690892602,0.014509651509262858,0.013861899209742195,0.0012955045990413266,0.000777302759424796,0.016841559787537246,0.005570669775877704
TGT_2019-Q3,TGT,2019-Q3,2019-11-20,0.023471457548536655,0.0037670240509997104,0.005312469815512412,9.659036028204386e-05,0.0005795421616922632,0.0049261083743842365,0.0035738433304356226,0.022188086704215737,0.0029015190305512885,0.00409626216077829,0.00017067759003242875,0.0003413551800648575,0.004949650110940434,0.002048131080389145,0.025144637294170005,0.004895416110369382,0.006898086337338674,0.0,0.0008900756564307966,0.004895416110369382,0.0055629728526924785
TGT_2020-Q4,TGT,2020-Q4,2021-03-02,0.01873968346441402,0.00602000194193611,0.005777259928148364,0.00038838722206039424,0.0013108068744538304,0.004563549859209632,0.0032527429847558015,0.01799215905908709,0.005600672080649678,0.005600672080649678,0.0003500420050406049,0.0016101932231867824,0.004830579669560347,0.00287034444133296,0.02043078872347165,0.006968641114982578,0.006176750079189104,0.0004751346214760849,0.0006335128286347799,0.0039594551789673745,0.004117833386126069
TGT_2021-Q1,TGT,2021-Q1,2021-05-19,0.023413546408993777,0.0062250301960419955,0.005667564805351668,0.000185821796896776,0.000836198086035492,0.003995168633280683,0.0034377032425903556,0.02126099706744868,0.0036656891495601175,0.00498533724340176,0.0,0.0010263929618768328,0.004398826979472141,0.0021994134897360706,0.027136697945726602,0.010651787978696424,0.006847577986304844,0.000507227998985544,0.000507227998985544,0.003296981993406036,0.005579507988840984
TGT_2021-Q2,TGT,2021-Q2,2021-08-18,0.02124325265540658,0.006703813337976667,0.006877938359742295,8.706251088281386e-05,0.001218875152359394,0.0034825004353125546,0.003917812989726624,0.02011067620461601,0.005533810230800378,0.00634363611823458,0.00013497098123903362,0.0013497098123903361,0.003104332568497773,0.002429477662302605,0.023301447142506745,0.008830022075055188,0.007848908511160166,0.0,0.0009811135638950208,0.004169732646553839,0.006622516556291391
TGT_2021-Q3,TGT,2021-Q3,2021-11-17,0.0198454345959355,0.006774162770727984,0.005724644594981395,9.541074324968991e-05,0.0017173933784944185,0.004961358648983875,0.0038164297299875965,0.020193637621023514,0.005532503457814661,0.003457814661134163,0.0,0.0022130013831258644,0.005532503457814661,0.0017980636237897648,0.019071055059981544,0.009535527529990772,0.01076591817902184,0.00030759766225776686,0.0006151953245155337,0.003691171947093202,0.008305136880959704
TGT_2021-Q4,TGT,2021-Q4,2022-03-01,0.02023449319213313,0.004916792738275341,0.0044913010590015125,0.00014183055975794251,0.00132375189107413,0.00434947049924357,0.00283661119515885,0.02023449319213313,0.004916792738275341,0.0044913010590015125,0.00014183055975794251,0.00132375189107413,0.00434947049924357,0.00283661119515885,0.0,0.0,0.0,0.0,0.0,0.0,0.0
TGT_2022-Q1,TGT,2022-Q1,2022-05-18,0.016188037314797878,0.011157856228278763,0.009237241631607829,0.0,0.0012804097311139564,0.004024144869215292,0.004481434058898848,0.017899594462312964,0.010627884211998322,0.007271710250314641,0.0,0.0012585652356313802,0.005034260942525521,0.0025171304712627604,0.01295268305577584,0.012159661644197727,0.01295268305577584,0.0,0.0013217023526301878,0.0021147237642083,0.008194554586307164
TGT_2022-Q2,TGT,2022-Q2,2022-08-17,0.017762128325508608,0.00837245696400626,0.007511737089201878,0.00031298904538341156,0.001486697965571205,0.004616588419405321,0.0034428794992175274,0.019778209671887505,0.008231393620669944,0.0067451697724934265,0.000342974734194581,0.0018291985823710986,0.00468732136732594,0.002286498227963873,0.013389536325316143,0.008678403173816018,0.009174311926605505,0.0002479543763947434,0.0007438631291842301,0.004463178775105381,0.005950905033473841
UNH_2020-Q4,UNH,2020-Q4,2021-01-20,0.020612653879186944,0.011594617807042656,0.006727741196679072,0.000572573718866304,0.0008588605782994561,0.0047237331806470086,0.002576581734898368,0.026426174496644295,0.005453020134228188,0.002936241610738255,0.00041946308724832214,0.0012583892617449664,0.007550335570469799,0.0016778523489932886,0.017601043024771838,0.01477618426770969,0.008691873098652759,0.000651890482398957,0.000651890482398957,0.003259452411994785,0.003042155584528466
UNH_2021-Q1,UNH,2021-Q1,2021-04-15,0.020266803488968702,0.01051821446895844,0.008209338122113904,0.0007696254489481786,0.00012827090815802975,0.0033350436121087736,0.0048742945100051305,0.025036818851251842,0.0039273441335297005,0.003436426116838488,0.0014727540500736377,0.0004909180166912126,0.0009818360333824251,0.002454590083456063,0.018579614516409097,0.012849453030039938,0.009897551658274006,0.0005209237714881056,0.0,0.0041673901719048445,0.005730161486369161
UNH_2021-Q2,UNH,2021-Q2,2021-07-15,0.017878861590853806,0.009243493067380199,0.009486742884942837,0.00012162490878131841,0.00048649963512527365,0.0021892483580637314,0.006689369982972513,0.031313131313131314,0.004545454545454545,0.00404040404040404,0.000505050505050505,0.0,0.0030303030303030303,0.00202020202020202,0.013617430310797821,0.010733739186158282,0.011214354373598205,0.0,0.0006408202499198974,0.0019224607497596924,0.008170458186478692
UNH_2021-Q3,UNH,2021-Q3,2021-10-14,0.01926470588235294,0.008970588235294117,0.008382352941176471,0.0007352941176470588,0.0004411764705882353,0.004705882352941176,0.00411764705882353,0.03195390256678889,0.006809848088004191,0.005762179151388162,0.001571503404924044,0.0,0.005238344683080147,0.0020953378732320588,0.01431200163565733,0.009813943978736455,0.009405029646289103,0.0004089143324473523,0.0006133714986710284,0.004498057656920875,0.0049069719893682275
UNH_2021-Q4,UNH,2021-Q4,2022-01-19,0.01775063902300483,0.008804316955410394,0.007810281170122124,0.0007100255609201931,0.0008520306731042318,0.0031241124680488497,0.004828173814257313,0.025866276232308444,0.005856515373352855,0.0019521717911176184,0.0004880429477794046,0.0019521717911176184,0.003904343582235237,0.0009760858955588092,0.014420188263568997,0.01001401962747847,0.010214300020028039,0.0008011215701982776,0.0004005607850991388,0.0028039254956939716,0.006408972561586221
UNH_2022-Q1,UNH,2022-Q1,2022-04-14,0.01951854261548471,0.00986770765560616,0.009217089568423336,0.00043374539145521576,0.0005421817393190197,0.00520494469746259,0.0068314899154196486,0.02391118701964133,0.008539709649871904,0.004696840307429547,0.0008539709649871904,0.0008539709649871904,0.004696840307429547,0.0025619128949615714,0.01802325581395349,0.010319767441860465,0.010755813953488373,0.00029069767441860465,0.00043604651162790697,0.005377906976744186,0.008284883720930232
UNH_2022-Q2,UNH,2022-Q2,2022-07-15,0.016347783967062244,0.008476628723661903,0.008597723419714216,0.0008476628723661904,0.0009687575684185032,0.003996124969726326,0.006418018890772584,0.02444545043005885,0.004526935264825713,0.006790402897238569,0.0004526935264825713,0.0018107741059302852,0.004979628791308284,0.004979628791308284,0.013390643081501074,0.009918994875185981,0.009257728550173582,0.000991899487518598,0.0006612663250123987,0.0036369647875681933,0.006943296412630187
UNH_2022-Q3,UNH,2022-Q3,2022-10-14,0.017695528839659597,0.009725786843171687,0.0067540186410914495,0.00040524111846548696,0.0008104822369309739,0.006483857895447791,0.004457652303120356,0.026452905811623247,0.004809619238476954,0.002004008016032064,0.0008016032064128256,0.0012024048096192384,0.008016032064128256,0.0012024048096192384,0.013243683781581092,0.012224938875305624,0.009168704156479218,0.00020374898125509371,0.0006112469437652812,0.0057049714751426246,0.006112469437652812
UNH_2022-Q4,UNH,2022-Q4,2023-01-13,0.017585659178579533,0.008622645790787383,0.007488087134104833,0.0004538234626730202,0.0003403675970047651,0.004538234626730202,0.004765146358066712,0.026619789050728277,0.0030135610246107484,0.0035158211953792064,0.0005022601707684581,0.0005022601707684581,0.009542943244600702,0.0025113008538422904,0.014949435732082662,0.010259416678880258,0.008647222629341932,0.00043968928623772536,0.0002931261908251502,0.0030778250036640775,0.005422834530265279
WMT_2019-Q4,WMT,2019-Q4,"['Wal-Mart Stores Inc.\xa0 (WMT 0.24%)Q4\xa02019 ', 'Feb. 19, 2019, 8:00 a.m. ET']",0.025816789815721535,0.010059645686815633,0.007477966705243479,0.0008012107184189441,0.0008012107184189441,0.005074334549986646,0.0037389833526217395,0.03790285973672265,0.007716749886518384,0.006581933726736269,0.0013617793917385383,0.0011348161597821154,0.006808896958692692,0.0015887426236949613,0.01801669840339827,0.011571700600556614,0.008056247253552072,0.0004394316683755676,0.0005859088911674235,0.003954885015380109,0.005126702797714955
WMT_2020-Q4,WMT,2020-Q4,2021-02-18,0.019654689092762488,0.005033129459734964,0.005510958205912335,0.00025484199796126404,0.000445973496432212,0.0056065239551478085,0.0034085117227319064,0.021673108779679734,0.006212037548315848,0.004417448923246825,0.0005521811154058532,0.0006902263942573164,0.00800662617338487,0.0011043622308117063,0.019049196620838163,0.004679476561205897,0.005838992877256916,0.00016564518800728838,0.00037270167301639887,0.004886533046215008,0.004099718403180388
WMT_2022-Q1,WMT,2022-Q1,2021-05-18,0.029085090361445784,0.011577560240963855,0.004988704819277108,0.0,0.0005647590361445783,0.002917921686746988,0.0027296686746987953,0.035704625371923183,0.011631052204490127,0.0064917500676223965,0.0,0.0016229375169055991,0.0032458750338111983,0.001352447930754666,0.025552187093980078,0.0115490111159232,0.00418651652952216,0.0,0.0,0.0027428901400317596,0.0034647033347769596
WMT_2022-Q2,WMT,2022-Q2,2021-08-17,0.02417093686551291,0.007831383544426182,0.0060910760901092525,0.00019336749492410325,0.000773469979696413,0.0029005124238615488,0.004060717393406168,0.03014941302027748,0.0061366061899679825,0.007470651013874066,0.00026680896478121667,0.0018676627534685165,0.002934898612593383,0.003735325506937033,0.020773313115996967,0.008794541319181198,0.00530705079605762,0.00015163002274450342,0.00015163002274450342,0.0028809704321455646,0.004245640636846095
WMT_2022-Q4,WMT,2022-Q4,2022-02-17,0.024573919936583432,0.009017043202536663,0.007134363852556481,0.00019817677368212446,0.00029726516052318666,0.0032699167657550534,0.0035671819262782403,0.026832774317201723,0.007906085289889795,0.008385241974125539,0.0,0.0,0.0035936751317680884,0.003833253473885961,0.022980736735383575,0.009800608313619466,0.006252112200067591,0.0003379520108144643,0.0005069280162216965,0.003041568097330179,0.0033795201081446434
WMT_2023-Q1,WMT,2023-Q1,2022-05-17,0.018649391440910875,0.011287789556340792,0.005104043973301924,0.0,9.815469179426777e-05,0.00265017667844523,0.0022575579112681585,0.02257087806220754,0.013212221304706853,0.005505092210294523,0.0,0.0002752546105147261,0.002477291494632535,0.0016515276630883566,0.016475972540045767,0.010221205186880244,0.004881769641495042,0.0,0.0,0.002745995423340961,0.002593440122044241
WMT_2023-Q2,WMT,2023-Q2,2022-08-16,0.020484807101399796,0.010583817002389894,0.00606008876749744,0.00042676681461249576,8.535336292249915e-05,0.003499487879822465,0.003414134516899966,0.028495532480077277,0.007727602028495532,0.005071238831200193,0.0007244626901714562,0.0,0.003622313450857281,0.001931900507123883,0.016105610561056107,0.012145214521452145,0.006600660066006601,0.000264026402640264,0.000132013201320132,0.003432343234323432,0.004224422442244224
WMT_2023-Q3,WMT,2023-Q3,2022-11-15,0.02062842719122639,0.008791017494995213,0.00626686395682827,0.0009574375489598746,0.0005222386630690225,0.0032204717555923057,0.003133431978414135,0.025429399955387018,0.007584207004238233,0.007138077180459514,0.0013383894713361588,0.0008922596475574393,0.0028998438545616775,0.002453714030782958,0.017556380245503853,0.009563231515843562,0.005709391949757351,0.0007136739937196689,0.00028546959748786756,0.0034256351698544107,0.0035683699685983444
XOM_2020-Q4,XOM,2020-Q4,2021-02-02,0.02517162471395881,0.010255106364946183,0.006525976777693025,0.0008475294516484447,0.0027968471904398677,0.00567844732604458,0.0025425883549453345,0.03230312554566091,0.012222804260520342,0.005587567661952156,0.00034922297887200976,0.003143006809848088,0.0071590710668762,0.0019207263837960537,0.01844532279314888,0.008399209486166008,0.007411067193675889,0.0013175230566534915,0.0024703557312252965,0.004281949934123847,0.003129117259552042
XOM_2021-Q1,XOM,2021-Q1,2021-04-30,0.02280130293159609,0.008414766558089034,0.00579080709373869,0.0007238508867173362,0.0019905899384726746,0.005519363011219689,0.0019001085776330076,0.02913073875553484,0.009554882311815428,0.006292239571195526,0.0013982754602656724,0.0030295968305756233,0.008156606851549755,0.0011652295502213937,0.01878420352018932,0.007691169945274368,0.005472563230291377,0.00029581422866439876,0.0013311640289897944,0.003845584972637184,0.00236651382931519
XOM_2021-Q2,XOM,2021-Q2,2021-07-30,0.02311261824022845,0.006068177761913261,0.00580046403712297,0.0001784758165268606,0.0012493307156880244,0.004372657504908085,0.0024094235231126183,0.028849828047382498,0.005349636988918609,0.004012227741688957,0.00038211692777990065,0.0009552923194497516,0.00573175391669851,0.0005731753916698509,0.01808439383791025,0.006697923643670462,0.007367716008037508,0.0,0.001507032819825854,0.0031815137307434696,0.004018754186202277
XOM_2021-Q3,XOM,2021-Q3,2021-10-29,0.02137628111273792,0.006539775500244022,0.005856515373352855,0.0007808687164470473,0.0016593460224499756,0.003416300634455832,0.0030258662762323086,0.043327556325823226,0.005199306759098787,0.0008665511265164644,0.0008665511265164644,0.0008665511265164644,0.005199306759098787,0.0,0.018589814101858983,0.0067099329006709936,0.006489935100648993,0.0007699923000769992,0.0017599824001759982,0.0031899681003189967,0.0034099659003409967
XOM_2021-Q4,XOM,2021-Q4,2022-02-01,0.022523010286951813,0.007363291824580401,0.0034650785056848945,0.0009745533297238765,0.0006497022198159177,0.004656199242014077,0.0018408229561451001,0.03967720242098184,0.004707464694014795,0.0026899798251513113,0.0,0.0006724949562878278,0.005379959650302623,0.0013449899125756557,0.019230769230769232,0.00787299948373774,0.0036138358286009293,0.0011615900877645843,0.0006453278265358802,0.004517294785751162,0.0019359834796076408
XOM_2022-Q1,XOM,2022-Q1,2022-04-29,0.0194257788637752,0.009651802076970067,0.0065974343310934635,0.0010995723885155772,0.000855222968845449,0.004398289554062309,0.0039095907147220525,0.02175191064079953,0.00823045267489712,0.00411522633744856,0.0,0.0005878894767783657,0.006466784244562022,0.0011757789535567313,0.01881554595928439,0.010024676125848241,0.007248611967921036,0.0013880320789636028,0.0009253547193090684,0.0038556446637877852,0.0046267735965453425
XOM_2022-Q2,XOM,2022-Q2,2022-07-29,0.018820984315846404,0.011790156841535965,0.0061654948620876145,0.0005408328826392645,0.0016224986479177934,0.004542996214169821,0.00411032990805841,0.02508361204013378,0.01282051282051282,0.005016722408026756,0.0005574136008918618,0.002229654403567447,0.005016722408026756,0.002787068004459309,0.01731311233391491,0.011542074889276607,0.00644208831029392,0.0005368406925244934,0.0014763119044423566,0.00442893571332707,0.00442893571332707
XOM_2022-Q3,XOM,2022-Q3,2022-10-28,0.016367806505421183,0.011155129274395329,0.007714762301918266,0.0025020850708924102,0.002189324437030859,0.004274395329441201,0.00396163469557965,0.030565167243367934,0.01384083044982699,0.006920415224913495,0.0028835063437139563,0.004036908881199538,0.004036908881199538,0.0017301038062283738,0.013234919826927972,0.01056248409264444,0.007890048358360905,0.0024179180453041487,0.0017816238228556885,0.004326800712649529,0.004454059557139221
XOM_2022-Q4,XOM,2022-Q4,2023-01-31,0.024245748765770708,0.007679648930334613,0.00614371914426769,0.0004388370817334065,0.0013165112452002193,0.004168952276467361,0.002852441031267142,0.041728031418753066,0.006381934216985763,0.005400098183603338,0.0004909180166912126,0.0019636720667648502,0.0039273441335297005,0.0014727540500736377,0.01921446736366205,0.008053122350946596,0.006357728171799943,0.0004238485447866629,0.0011302627860977678,0.004238485447866629,0.0032495055100310822
