sentiment_overall,sentiment_remarks,sentiment_qa,sentiment_divergence,positive_ratio,negative_ratio,neutral_ratio,sentiment_std,sentence_count,transcript_id,ticker,quarter,date,lm_positive,lm_negative,lm_uncertainty,lm_litigious,lm_constraining,lm_strong_modal,lm_weak_modal,lm_positive_remarks,lm_negative_remarks,lm_uncertainty_remarks,lm_litigious_remarks,lm_constraining_remarks,lm_strong_modal_remarks,lm_weak_modal_remarks,lm_positive_qa,lm_negative_qa,lm_uncertainty_qa,lm_litigious_qa,lm_constraining_qa,lm_strong_modal_qa,lm_weak_modal_qa,fls_count,fls_remarks_count,fls_qa_count,fls_positive_count,fls_hedging_count,fls_ratio,fls_sentiment_avg,return_1d,return_3d,return_7d,volatility_5d
0.3195604617117431,0.4832589594625878,0.1826203722470941,0.3006385872154937,0.3612565445026178,0.0471204188481675,0.5785340314136126,0.4437849042358497,382,AAPL_2019-Q3,AAPL,2019-Q3,2019-07-30,0.0184025058731401,0.0057426259462281,0.0033933698773166,0.0003915426781519,0.0007830853563038,0.004698512137823,0.0023492560689115,0.0242334322453016,0.0029673590504451,0.0032146389713155,0.0007418397626112,0.0007418397626112,0.0027200791295746,0.0022255192878338,0.0118850193477059,0.0088446655610834,0.0035931453841901,0.0,0.0008291873963515,0.0069098949695964,0.0024875621890547,16,12,4,14,2,0.0401002506265664,0.3780498370761052,0.0204040812283428,-0.0227992822181091,-0.0256252011836045,0.030854198151793626
0.3355745631520466,0.4981929813605427,0.2269192074880739,0.2712737738724687,0.3736559139784946,0.043010752688172,0.5698924731182796,0.4387164817813576,372,AAPL_2020-Q1,AAPL,2020-Q1,2020-01-28,0.0177955580080011,0.0073113532901089,0.0044144019864808,0.0004138501862325,0.0009656504345426,0.0060698027314112,0.0024831011173955,0.0237266687757038,0.0047453337551407,0.0025308446694084,0.0,0.0012654223347042,0.0044289781714647,0.0012654223347042,0.0132093933463796,0.0092954990215264,0.0058708414872798,0.0007338551859099,0.0007338551859099,0.0073385518590998,0.0034246575342465,21,9,12,21,0,0.0518518518518518,0.2816926497256472,0.0209319069689038,-0.0257485220243551,0.0236709227862146,0.029570911285761874
0.2365612812272173,0.3449208202638796,0.1453933998261793,0.1995274204377003,0.3237597911227154,0.0861618798955613,0.5822454308093995,0.4866922141374947,383,AAPL_2020-Q2,AAPL,2020-Q2,2020-04-30,0.0151475581091668,0.0105771741969182,0.0070514494646121,0.0001305823974928,0.000652911987464,0.0065291198746408,0.0044398015147558,0.0193295816001957,0.008563738683631,0.0056275997063861,0.0002446782481037,0.0009787129924149,0.0051382432101786,0.0029361389772449,0.0103612433492019,0.0128815457854942,0.008681041725007,0.0,0.0002800336040324,0.008120974516942,0.0061607392887146,19,10,9,16,3,0.0462287104622871,0.2214900482642023,-0.0160994982999027,0.0127977480778122,0.075094344164848,0.012948936460121106
0.2706564976142184,0.4424451545493889,0.160320693566426,0.2821244609829629,0.3193069306930693,0.0618811881188118,0.6014851485148515,0.4495976594104791,404,AAPL_2020-Q3,AAPL,2020-Q3,2020-07-30,0.0188679245283018,0.0079375406636304,0.0085881587508132,0.0007807417046193,0.0015614834092387,0.0054651919323357,0.0054651919323357,0.0222159730033745,0.0061867266591676,0.0061867266591676,0.0014060742407199,0.0025309336332958,0.0033745781777277,0.0033745781777277,0.0159844998789053,0.0094453862920804,0.0106563332526035,0.0002421893921046,0.0007265681763138,0.0072656817631387,0.0072656817631387,16,8,8,16,0,0.0366132723112128,0.4781198527198285,0.1046888382643185,0.1400873348864446,0.1740385980749659,0.041046244251945384
0.3003746185285983,0.4323488137977463,0.2087258718139122,0.2236229419838341,0.351288056206089,0.0515222482435597,0.5761124121779859,0.4437131255902262,427,AAPL_2020-Q4,AAPL,2020-Q4,2020-10-29,0.0181027389208886,0.0075232161749147,0.0057599623839191,0.0005877512636652,0.0024685553073939,0.0043493593511226,0.002938756318326,0.0229416263063981,0.0081570226867193,0.0050981391791995,0.0005098139179199,0.0028039765485597,0.0030588835075197,0.0017843487127198,0.0139616055846422,0.0069808027923211,0.006326352530541,0.0006544502617801,0.0021815008726003,0.0054537521815008,0.0039267015706806,10,7,3,9,1,0.0219780219780219,0.4429830946028232,-0.0560181790936744,-0.042317282479808,0.0104115338872639,0.038920239161927245
0.2892799562913306,0.4718081462652163,0.1893776959352532,0.282430450329963,0.3643617021276595,0.077127659574468,0.5372340425531915,0.4849471127184805,376,AAPL_2021-Q1,AAPL,2021-Q1,2021-01-27,0.0175461741424802,0.0091029023746701,0.00844327176781,0.000263852242744,0.0015831134564643,0.0039577836411609,0.0047493403693931,0.0217044366421959,0.0070220236195339,0.0076603894031279,0.0006383657835939,0.0022342802425789,0.0060644749441429,0.0031918289179699,0.0146165954576118,0.0105689228693501,0.008994827973915,0.0,0.0011243534967393,0.0024735776928266,0.0058466381830447,16,7,9,14,2,0.0372093023255813,0.295002075843513,-0.0349847240167745,-0.0557509606645778,-0.0358694863463755,0.024189492728149922
0.2852109024908286,0.5024302934625131,0.191427292420514,0.311003001041999,0.3458980044345898,0.0532150776053215,0.5809312638580931,0.4488895717524174,451,AAPL_2021-Q2,AAPL,2021-Q2,2021-04-28,0.0194267897829475,0.0094735579805732,0.0071951073270176,0.0003597553663508,0.0025182875644561,0.0047967382180117,0.0039573090298596,0.0240633566859579,0.0030459945172098,0.0076149862930246,0.0,0.0021321961620469,0.0051781906792567,0.0033505939689308,0.0164161392405063,0.0136471518987341,0.0069224683544303,0.0005933544303797,0.0027689873417721,0.0045490506329113,0.0043512658227848,14,9,5,14,0,0.0283400809716599,0.1734244116981114,-0.0007487114809111,-0.0077857080782849,-0.023572625072288,0.017430059790126257
0.2777757555719831,0.4489390528832491,0.2002453421557302,0.2486937107275188,0.342925659472422,0.0671462829736211,0.5779376498800959,0.4531608070020184,417,AAPL_2021-Q3,AAPL,2021-Q3,2021-07-27,0.0252896474398903,0.0088451476267596,0.0088451476267596,0.0006228977201943,0.0026161704248162,0.003737386321166,0.005606079481749,0.0306027820710973,0.0046367851622874,0.0064914992272024,0.0003091190108191,0.0024729520865533,0.0046367851622874,0.0030911901081916,0.021702838063439,0.011686143572621,0.0104340567612687,0.0008347245409015,0.0027128547579298,0.0031302170283806,0.0073038397328881,17,11,6,17,0,0.0351239669421487,0.2371252159423688,-0.0121964890206237,-0.0062005408064187,0.0019757037772054,0.009132046609403817
0.2411446899373447,0.4705832009401285,0.1092375320437581,0.3613456688963703,0.2920353982300885,0.0486725663716814,0.6482300884955752,0.4279374211527937,452,AAPL_2021-Q4,AAPL,2021-Q4,2021-10-28,0.0152625886311741,0.0086528061531065,0.0068501382045427,0.0008412450426631,0.0034851580338901,0.004686936666266,0.0042062252133157,0.0244393329499712,0.0046003450258769,0.0054629097182288,0.0005750431282346,0.0043128234617596,0.0048878665899942,0.002875215641173,0.0086723105513111,0.0115630807350815,0.007846376213091,0.0010324179227751,0.0028907701837703,0.0045426388602106,0.0051620896138756,19,10,9,14,5,0.0380761523046092,0.2714127184529054,-0.0181558350423112,-0.0167134562924028,-0.0125218373194928,0.011164166246135103
0.2729887280112771,0.4204220151034545,0.1879977742757867,0.2324242408276677,0.3308457711442786,0.0597014925373134,0.5970149253731343,0.4448698517946992,402,AAPL_2022-Q1,AAPL,2022-Q1,2022-01-27,0.019483155188743,0.0098768772831822,0.0078473819510215,0.0005411987552428,0.0036530915978893,0.0046001894195643,0.0052766878636179,0.0249920911104081,0.0060107560898449,0.0060107560898449,0.0012654223347042,0.0047453337551407,0.006327111673521,0.0028472002530844,0.0153664302600472,0.0127659574468085,0.0092198581560283,0.0,0.0028368794326241,0.0033096926713947,0.0070921985815602,13,9,4,12,1,0.0286975717439293,0.1537413198787432,0.069777536157438,0.0966584736217218,0.0795043979874823,0.0332712251609079
0.2004426660189448,0.3878653659580313,0.103088825414543,0.2847765405434883,0.2906976744186046,0.1,0.5883720930232558,0.4834098484173719,430,AAPL_2022-Q2,AAPL,2022-Q2,2022-04-28,0.0182757751449458,0.0120998235442399,0.0089488278295941,0.0006301991429291,0.0052936728006049,0.0030249558860599,0.0056717922863624,0.0267396907216494,0.0080541237113402,0.0083762886597938,0.0009664948453608,0.0051546391752577,0.0045103092783505,0.0045103092783505,0.0128364389233954,0.0146997929606625,0.0093167701863354,0.0004140786749482,0.0053830227743271,0.0020703933747412,0.0064182194616977,23,12,11,21,2,0.0473251028806584,0.0873019360005855,-0.0366048490056878,-0.0254216149108519,-0.0694000436830211,0.038427595743007845
0.1728069049585137,0.4414815561407629,0.0311799570484909,0.4103015990922719,0.2715736040609137,0.1040609137055837,0.583756345177665,0.4914989198803161,394,AAPL_2022-Q3,AAPL,2022-Q3,2022-07-28,0.0169990630437692,0.0117788783295408,0.009904965868023,0.000669254450542,0.0036139740329273,0.0038816758131441,0.0049524829340115,0.0275198938992042,0.0089522546419098,0.0079575596816976,0.0009946949602122,0.004973474801061,0.0029840848806366,0.0023209549071618,0.0098765432098765,0.013692480359147,0.0112233445566778,0.0004489337822671,0.0026936026936026,0.0044893378226711,0.0067340067340067,32,15,17,22,10,0.0776699029126213,0.2362531702965498,0.0327931001426104,0.0169049273259692,0.0492469711329874,0.02285800619057537
0.2359257385776988,0.4475063203037324,0.1053592829400722,0.3421470373636602,0.3310344827586207,0.1034482758620689,0.5563218390804597,0.4972888590894714,435,AAPL_2022-Q4,AAPL,2022-Q4,2022-10-27,0.0225916994542454,0.0100266531285696,0.0082497778905952,0.0007615179591318,0.0015230359182637,0.003680670135804,0.0048229470745018,0.0288778877887788,0.0082508250825082,0.0052255225522552,0.0011001100110011,0.0011001100110011,0.0035753575357535,0.0016501650165016,0.0172048079189252,0.0115484327127032,0.0108413858119255,0.0004713646005185,0.001885458402074,0.003770916804148,0.007541833608296,18,15,3,10,8,0.0373443983402489,0.1092992747823397,0.075552672786759,0.0404006962830407,-0.0390162594380381,0.04787443144865594
0.2081100856249823,0.2952673847668737,0.1434565153598907,0.151810869406983,0.2988235294117647,0.1011764705882353,0.5905882352941176,0.5001049882659979,425,AAPL_2023-Q1,AAPL,2023-Q1,2023-02-02,0.0168282175551965,0.0118470651588583,0.005654281098546,0.0004038772213247,0.0017501346257404,0.0039041464728056,0.0030963920301561,0.0223189983669025,0.0089820359281437,0.0051714752313554,0.0005443658138268,0.0029940119760479,0.0038105606967882,0.002449646162221,0.0114544485881726,0.0146510388918486,0.0061267980820458,0.0002663825253063,0.0005327650506126,0.003995737879595,0.0037293553542887,26,21,5,16,10,0.0542797494780793,-0.0624513954927141,0.0243998363921403,0.0253943739907499,0.0216477169991094,0.020287167860838933
0.1452780822563889,-0.0671572530908244,0.1567169080058542,-0.2238741610966786,0.2043795620437956,0.0875912408759124,0.6970802919708029,0.4077018757664006,274,AMZN_2019-Q1,AMZN,2019-Q1,2019-04-25,0.0135160860460689,0.0106605749095754,0.0093280030458785,0.0013325718636969,0.0009518370454978,0.0057110222729868,0.0059013896820864,0.0,0.017910447761194,0.0417910447761194,0.0059701492537313,0.0,0.0119402985074626,0.017910447761194,0.0144367629117527,0.0101667344448962,0.0071167141114274,0.0010166734444896,0.0010166734444896,0.005286701911346,0.0050833672224481,8,2,6,7,1,0.0258064516129032,0.2647068165242672,0.0254330255292026,0.0127585050149256,0.0253909129572444,0.014279695840259345
0.2429157805192885,0.3616856418118097,0.2097371552999203,0.1519484865118893,0.3291139240506329,0.0759493670886076,0.5822784810126582,0.4787492125597931,316,AMZN_2020-Q2,AMZN,2020-Q2,2020-07-30,0.0142059868087265,0.0104853712159648,0.0120074412311855,0.0008455944529003,0.0010147133434804,0.0033823778116015,0.0062573989514628,0.0148674854557207,0.0058177117000646,0.0161603102779573,0.0012928248222365,0.0012928248222365,0.0032320620555914,0.0071105365223012,0.0139715987173614,0.0121392579019697,0.010535959688502,0.0006871278057718,0.0009161704076958,0.0034356390288593,0.0059551076500229,12,10,2,10,2,0.0348837209302325,0.3015771762778361,0.0369608215671373,0.028490660373585,0.0315478380864765,0.019811223432305968
0.2197667761999917,0.3657078358969868,0.1736468742178245,0.1920609616791622,0.2960526315789473,0.0657894736842105,0.6217105263157895,0.4390205851883988,304,AMZN_2020-Q4,AMZN,2020-Q4,2021-02-02,0.0167192429022082,0.0077287066246056,0.0085173501577287,0.0004731861198738,0.0011041009463722,0.0044164037854889,0.0045741324921135,0.0182389937106918,0.0069182389937106,0.0138364779874213,0.0012578616352201,0.0025157232704402,0.0062893081761006,0.0069182389937106,0.0162105263157894,0.008,0.0067368421052631,0.0002105263157894,0.0006315789473684,0.0037894736842105,0.0037894736842105,10,5,5,8,2,0.0305810397553516,0.1373795635998249,-0.019961565909301,-0.0082396558050573,-0.0348727435049926,0.010918238423138025
0.3204646673776321,0.3713522125035524,0.3060992838253387,0.0652529286782137,0.376865671641791,0.0298507462686567,0.585820895522388,0.4184028257888842,268,AMZN_2021-Q1,AMZN,2021-Q1,2021-04-29,0.0233485193621867,0.0091116173120728,0.0083523158694001,0.0003796507213363,0.0007593014426727,0.0028473804100227,0.0047456340167046,0.0185042405551272,0.0038550501156515,0.015420200462606,0.0015420200462606,0.0023130300693909,0.0053970701619121,0.0069390902081727,0.0249307479224376,0.010828506673382,0.0060438176781667,0.0,0.0002518257365902,0.0020146058927222,0.0040292117854444,10,7,3,9,1,0.0353356890459364,0.1509071752429008,-0.0011206361718006,-0.0459307860567787,-0.0808974126904683,0.014544116694545157
0.2834990157745778,0.3758217316741745,0.2543444739115473,0.1214772577626271,0.3766666666666666,0.0733333333333333,0.5233333333333333,0.4726759905682364,300,AMZN_2021-Q2,AMZN,2021-Q2,2021-07-29,0.0148653375306051,0.0096187478139209,0.0097936341378104,0.0008744316194473,0.0015739769150052,0.002973067506121,0.0057712486883525,0.0112559241706161,0.0065165876777251,0.0130331753554502,0.0011848341232227,0.0035545023696682,0.0029620853080568,0.0059241706161137,0.0163771712158808,0.0109181141439205,0.0084367245657568,0.0007444168734491,0.0007444168734491,0.0029776674937965,0.0057071960297766,12,7,5,10,2,0.0377358490566037,0.1349721265335877,-0.0756489071327776,-0.0649125846945181,-0.0716821272716391,0.0358384305174417
0.1984813354969505,0.2406088931595578,0.1825664803799655,0.0580424127795922,0.2774193548387096,0.1032258064516129,0.603225806451613,0.464246701689006,310,AMZN_2021-Q3,AMZN,2021-Q3,2021-10-28,0.0151194927654039,0.0105673874166802,0.0068281580230856,0.0006503007641033,0.002113477483336,0.0029263534384652,0.004226954966672,0.0118168389955686,0.0098473658296405,0.0108321024126046,0.000984736582964,0.0034465780403741,0.0029542097488921,0.0054160512063023,0.0167475728155339,0.0109223300970873,0.0048543689320388,0.0004854368932038,0.0014563106796116,0.0029126213592233,0.0036407766990291,16,6,10,13,3,0.0479041916167664,0.571631871862337,-0.0215112450537781,-0.0388270615149781,0.0123049790232997,0.021929481076720925
0.2577095362791641,0.369846356946022,0.2168461185785294,0.1530002383674925,0.3167701863354037,0.0590062111801242,0.5962732919254659,0.4417236949606755,322,AMZN_2021-Q4,AMZN,2021-Q4,2022-02-03,0.019722901385493,0.0105949470252648,0.0083129584352078,0.0004889975550122,0.0009779951100244,0.0037489812550937,0.0048899755501222,0.0178764897074756,0.0092091007583965,0.0108342361863488,0.0010834236186348,0.0016251354279523,0.0065005417118093,0.0037919826652221,0.0205176031709023,0.0111914199114012,0.0072277920261133,0.0002331545814875,0.0006994637444625,0.0025647003963627,0.0053625553742131,7,5,2,7,0,0.0204081632653061,0.182669418730906,0.1353590173571185,0.1625403228066442,0.1175515384071814,0.060892062717192774
0.1007546041305111,0.1151407252152248,0.0932922846373708,0.021848440577854,0.2394366197183098,0.1514084507042253,0.5950704225352113,0.4968455951931088,284,AMZN_2022-Q1,AMZN,2022-Q1,2022-04-28,0.009278159213212,0.0128038597142326,0.011504917424383,0.0003711263685284,0.0012989422898496,0.0051957691593987,0.0048246427908702,0.0102406554019457,0.010752688172043,0.0163850486431131,0.0010240655401945,0.0020481310803891,0.0046082949308755,0.0046082949308755,0.0087310826542491,0.0139697322467986,0.0087310826542491,0.0,0.0008731082654249,0.0055296856810244,0.0049476135040745,14,9,5,14,0,0.0453074433656957,0.2768235283770731,-0.140494377749234,-0.1406880192176758,-0.247637363031638,0.06598299851862303
0.1865647137425579,0.2059605839895084,0.1767646950914671,0.0291958888980412,0.3076923076923077,0.1153846153846153,0.5559440559440559,0.5218792514670562,286,AMZN_2022-Q2,AMZN,2022-Q2,2022-07-28,0.0203027604630454,0.0105075690115761,0.0089047195013357,0.0008904719501335,0.0016028495102404,0.0037399821905609,0.0040961709706144,0.0202492211838006,0.0103842159916926,0.0150571131879543,0.0010384215991692,0.0010384215991692,0.0046728971962616,0.0057113187954309,0.0203307129303334,0.0105719707237733,0.0056925996204933,0.0008132285172133,0.0018975332068311,0.0032529140688533,0.0032529140688533,20,14,6,19,1,0.0677966101694915,0.2273642126470804,0.1036146409505072,0.0971541135214984,0.140088363214089,0.04418312292937235
0.1616318152953328,0.3383678930501143,0.0929519923336302,0.2454159007164841,0.2835820895522388,0.1380597014925373,0.5522388059701493,0.5061284089048831,268,AMZN_2022-Q3,AMZN,2022-Q3,2022-10-27,0.0186990252635766,0.0111398448378754,0.0093495126317883,0.0003978516013526,0.0013924806047344,0.0043763676148796,0.0029838870101452,0.0203520352035203,0.0082508250825082,0.0154015401540154,0.0011001100110011,0.0005500550055005,0.0038503850385038,0.0038503850385038,0.0177625428482393,0.0127765659083826,0.0059208476160797,0.0,0.0018697413524462,0.0046743533811156,0.0024929884699283,16,8,8,14,2,0.0569395017793594,0.3650340826716274,-0.0680424971580574,-0.1277036615524649,-0.1841204080185927,0.022823317482742522
0.1630326824330062,0.2012101574476028,0.1496860854766838,0.0515240719709189,0.1957831325301204,0.0783132530120482,0.7168674698795181,0.4209732275690833,332,AMZN_2022-Q4,AMZN,2022-Q4,2023-02-02,0.01134163208852,0.0092669432918395,0.0109266943291839,0.0013831258644536,0.0009681881051175,0.0051175656984785,0.0055325034578146,0.012748597654258,0.011218765935747,0.0158082610912799,0.0040795512493625,0.0035696073431922,0.0050994390617032,0.0045894951555328,0.0108179920288479,0.0085405200227747,0.009109888024293,0.0003795786676788,0.0,0.0051243120136648,0.0058834693490225,15,7,8,13,2,0.0428571428571428,0.2421333588659763,-0.0843149762083984,-0.0956514276988027,-0.118412915711106,0.03292959595278849
0.1398847334566105,0.2097038150154825,0.0841064038365751,0.1255974111789073,0.3047473200612557,0.1638591117917305,0.5176110260336907,0.5515008426246675,653,BAC_2020-Q4,BAC,2020-Q4,2021-01-19,0.0137920581994543,0.0138678387390118,0.006365565322825,0.001212488632919,0.0009093664746892,0.0040163685965444,0.0027280994240678,0.016376306620209,0.0153310104529616,0.0041811846689895,0.001567944250871,0.0010452961672473,0.002787456445993,0.0013937282229965,0.0118025751072961,0.0127414163090128,0.0080472103004291,0.0009388412017167,0.0008047210300429,0.0049624463519313,0.0037553648068669,20,7,13,16,4,0.0279720279720279,0.2608077907934785,-0.0131217427302799,-0.0372293363577545,-0.0747636774616418,0.004513971481417638
0.1870541506025017,0.2812871938335827,0.1111441991107975,0.1701429947227851,0.3008547008547008,0.123076923076923,0.5641025641025641,0.5071501038058488,585,BAC_2021-Q1,BAC,2021-Q1,2021-04-15,0.0147906096826898,0.0079972482586636,0.0082552240089431,0.0011178949178777,0.0018058302519563,0.0035256685871528,0.0039556281709519,0.0200155460551884,0.0120481927710843,0.0071900505246793,0.0019432568985619,0.0023319082782743,0.0031092110376991,0.0017489312087057,0.0106432207311429,0.0047817368502236,0.0091007249730063,0.0004627487274409,0.0013882461823229,0.0038562393953416,0.0057072343051056,17,11,6,15,2,0.0263975155279503,0.1496511833632693,0.0105835154086836,-0.0170364933816337,0.0172947770549368,0.017596160758963364
0.1362502964509743,0.198235160452232,0.0688240130908275,0.1294111473614044,0.2979890310786106,0.170018281535649,0.5191956124314442,0.5513213052654129,547,BAC_2021-Q2,BAC,2021-Q2,2021-07-14,0.0179303278688524,0.0112704918032786,0.0070696721311475,0.001639344262295,0.0015368852459016,0.0033811475409836,0.0028688524590163,0.0211660573407735,0.0142389840292476,0.0059649797960361,0.0023090244371752,0.0015393496247835,0.0028862805464691,0.0023090244371752,0.0142450142450142,0.0078895463510848,0.0083278544817006,0.0008766162612316,0.0015340784571553,0.0039447731755424,0.0035064650449265,13,7,6,13,0,0.021311475409836,0.3693521071511965,-0.0007717590919556,-0.0496654349279709,-0.0298506968459203,0.022666122336629135
0.2368505531891447,0.3653494500420021,0.1401071308459016,0.2252423191961004,0.3262295081967213,0.0967213114754098,0.5672131147540984,0.5042579136779308,610,BAC_2021-Q3,BAC,2021-Q3,2021-10-14,0.01762313601446,0.0098508811568007,0.007049254405784,0.0006326253953908,0.0011748757342973,0.0028920018075011,0.0038861274288296,0.0220949263502455,0.0092062193126022,0.0055237315875613,0.0010229132569558,0.0016366612111292,0.0022504091653027,0.0024549918166939,0.0140845070422535,0.0103610166747612,0.0082564351627003,0.0003237817710862,0.0008094544277157,0.003399708596406,0.0050186174518374,12,4,8,12,0,0.0179640718562874,0.4774489887058735,0.0288438067806848,0.0312845655008251,0.0541378236173562,0.013744236099471615
0.254085619418427,0.3825339544628494,0.1484967338310628,0.2340372206317865,0.3271317829457364,0.0790697674418604,0.5782945736434109,0.4809927174929757,645,BAC_2021-Q4,BAC,2021-Q4,2022-01-19,0.0144902234636871,0.0056738826815642,0.0064594972067039,0.0006983240223463,0.0009601955307262,0.0026187150837988,0.0030551675977653,0.0185149469623915,0.0048216007714561,0.0042430086788813,0.0007714561234329,0.0009643201542912,0.0015429122468659,0.0015429122468659,0.0111624940200924,0.0063785680114814,0.0082921384149258,0.0006378568011481,0.0009567852017222,0.0035082124063147,0.0043055334077499,14,8,6,12,2,0.0198581560283687,0.2817421917404447,-0.0148579496066123,-0.040697448450999,-0.0122739265618382,0.016508542163385712
0.1881460228409522,0.2431625675934413,0.1488978183208711,0.0942647492725701,0.2881562881562881,0.1062271062271062,0.5934065934065934,0.4859402688555489,819,BAC_2022-Q1,BAC,2022-Q1,2022-04-18,0.0143713439734238,0.0099660576298115,0.0085939192604896,0.0010110493247634,0.000649960280205,0.0040441972990539,0.0035386726366722,0.015061238000662,0.0127441244620986,0.008606421714664,0.0009930486593843,0.0006620324395895,0.0024826216484607,0.0028136378682555,0.0138372837924407,0.0078155028827674,0.0085842408712363,0.0010249839846252,0.0006406149903907,0.0052530429212043,0.0040999359385009,24,13,11,23,1,0.0267558528428093,0.4065482680064936,0.0185325940747263,0.0015445278860822,-0.0669243563170788,0.02026011358971725
0.2149610559856149,0.3076686941037073,0.1078242134911656,0.1998444806125416,0.3122743682310469,0.1083032490974729,0.5595667870036101,0.5134882573033276,554,BAC_2022-Q2,BAC,2022-Q2,2022-07-18,0.0122675494109629,0.0113912958816084,0.0060364132022198,0.0012656995424009,0.0012656995424009,0.0026287605880634,0.0025313990848018,0.0150684931506849,0.0126712328767123,0.0061643835616438,0.0022260273972602,0.0015410958904109,0.0023972602739726,0.0018835616438356,0.0085759422252313,0.0097043556759196,0.0058677499435793,0.0,0.0009027307605506,0.0029338749717896,0.0033852403520649,13,9,4,12,1,0.0215588723051409,0.7388393936248926,0.0337879498075485,0.0430875181814351,0.0412276435837581,0.015261497980046002
0.1758079102070855,0.2702237544040158,0.102298431510904,0.1679253228931118,0.286479250334672,0.1151271753681392,0.5729585006693441,0.5015898698661319,747,BAC_2022-Q3,BAC,2022-Q3,2022-10-17,0.0143711644527305,0.0120407053522877,0.0062922395711955,0.0020197312203837,0.0006991377301328,0.0013982754602656,0.0018643672803542,0.0167894466335446,0.0154188795614185,0.004968305636457,0.0025698132602364,0.0010279253040945,0.001370567072126,0.0015418879561418,0.0123649801023308,0.0092382035247299,0.0073905628197839,0.0015633882888004,0.0004263786242183,0.0014212620807276,0.0021318931210915,17,6,11,17,0,0.0205066344993968,0.3652707309845616,0.0374778302760373,0.0023797123099792,0.0618682362047928,0.02830483942364438
0.1365027437246469,0.0969720079091849,0.1451255954464333,-0.0481535875372483,0.1813953488372093,0.0651162790697674,0.7395348837209302,0.3701528565201469,430,COST_2020-Q1,COST,2020-Q1,2019-12-12,0.0124578780761768,0.0073521903400388,0.0091902379250485,0.0009190237925048,0.0002042275094455,0.0033697539058511,0.0057183702644746,0.0059588299024918,0.0070422535211267,0.0113759479956663,0.0010834236186348,0.0005417118093174,0.0027085590465872,0.0016251354279523,0.0139675349188372,0.0074241852271297,0.0086825217063042,0.0008808355354221,0.0001258336479174,0.0035233421416886,0.006669183339625,8,4,4,6,2,0.0163265306122449,-0.0583583377301692,-0.0183964224500901,-0.0060204388706135,-0.0135538564319355,0.012088056564407347
0.0558518865631181,0.0669846390818904,0.0510102185701894,0.0159744205117009,0.1698841698841698,0.1138996138996139,0.693050193050193,0.4267811357450175,518,COST_2020-Q2,COST,2020-Q2,2020-03-05,0.0123510292524377,0.0087757313109425,0.0080173347778981,0.0013001083423618,0.0011917659804983,0.0032502708559046,0.0039003250270855,0.0147891755821271,0.0069225928256765,0.0066079295154185,0.001258653241032,0.000943989930774,0.0034612964128382,0.0022026431718061,0.0110707204230006,0.0097488433575677,0.008757435558493,0.0013218770654329,0.0013218770654329,0.0031394580304031,0.0047918043621943,5,4,1,3,2,0.0085178875638841,0.0945567965507507,-0.0139981256396106,-0.0201419798417526,-0.1031796098659976,0.031395446369949356
0.1042020340651953,0.1182448509340452,0.0985474598060051,0.01969739112804,0.2262357414448669,0.1330798479087452,0.6140684410646388,0.4859217524395806,526,COST_2021-Q2,COST,2021-Q2,2021-03-04,0.0148933890496089,0.0095360548591021,0.0093217614914818,0.001607200257152,0.0001071466838101,0.003964427300975,0.0038572806171648,0.014625850340136,0.0061224489795918,0.0061224489795918,0.0020408163265306,0.0003401360544217,0.0040816326530612,0.0003401360544217,0.015016424213984,0.0111058970749257,0.010793054903801,0.001407789770061,0.0,0.0039105271390583,0.0054747379946816,11,3,8,11,0,0.0181518151815181,0.14130607789213,-0.0053910983780734,-0.0008148430146584,0.0359516012549289,0.017473508011411062
0.1418816674647579,0.1209463727443593,0.1493004854967438,-0.0283541127523844,0.2311827956989247,0.078853046594982,0.6630824372759857,0.4339983567183005,558,COST_2021-Q3,COST,2021-Q3,2021-05-27,0.013283280392723,0.0089517759168351,0.0091442872268745,0.0012513235152565,0.0003850226200789,0.0034652035807103,0.0051015497160458,0.0129575639779721,0.0074505992873339,0.0061548428895367,0.0022675736961451,0.0012957563977972,0.0051830255911888,0.0019436345966958,0.013420980553273,0.0095864146809093,0.0104081073678444,0.000821692686935,0.0,0.0027389756231169,0.0064365927143248,9,4,5,8,1,0.0141287284144427,0.3108892591877116,-0.0238194648618109,-0.0178322674983725,-0.0201292316243283,0.013883003480198892
0.147581833010735,0.1751029176548832,0.1304576025654872,0.044645315089396,0.228310502283105,0.0958904109589041,0.6484018264840182,0.458181725977878,438,COST_2021-Q4,COST,2021-Q4,2021-09-23,0.0169069462647444,0.0090432503276539,0.0076015727391874,0.001310615989515,0.0006553079947575,0.0032765399737876,0.0034076015727391,0.0178687459389213,0.0064977257959714,0.0061728395061728,0.0012995451591942,0.0003248862897985,0.0029239766081871,0.0006497725795971,0.016256590509666,0.0107644991212653,0.008567662565905,0.0013181019332161,0.0008787346221441,0.0035149384885764,0.0052724077328646,4,3,1,4,0,0.0084210526315789,0.5240437835454941,0.0330623318146858,-0.0119925244905045,-0.0279163779303003,0.02382953654600596
0.1714994284534876,0.2212786181978341,0.1536100321391131,0.0676685860587209,0.2413793103448276,0.0689655172413793,0.6724137931034483,0.4233238797348641,522,COST_2022-Q1,COST,2022-Q1,2021-12-09,0.0172394616839061,0.0081192303414525,0.0108997886775664,0.0014458903347792,0.0006673340006673,0.0024468913357802,0.0071182293404515,0.021078956770275,0.0078599499821364,0.0057163272597356,0.0007145409074669,0.0014290818149339,0.0025008931761343,0.0025008931761343,0.0155038759689922,0.0082364341085271,0.0132428940568475,0.0017764857881136,0.0003229974160206,0.002422480620155,0.0092054263565891,5,3,2,5,0,0.0084602368866328,0.2492316082119941,0.0657793137825283,0.0400701985742045,0.0462114734493174,0.03888184611591487
0.1649546782744129,0.1953116592219811,0.1523902611600028,0.0429213980619783,0.2200392927308448,0.0609037328094302,0.7013752455795678,0.4069382802007342,509,COST_2022-Q2,COST,2022-Q2,2022-03-03,0.014234476574759,0.0097511768661735,0.0094149293880295,0.0008966599417171,0.0004483299708585,0.0034745572741537,0.0043712172158708,0.0147008547008547,0.0044444444444444,0.0051282051282051,0.0006837606837606,0.0003418803418803,0.0037606837606837,0.0003418803418803,0.0140070035017508,0.0123395030848757,0.0115057528764382,0.001000500250125,0.0005002501250625,0.0033350008337502,0.0063365015841253,4,1,3,3,1,0.0071813285457809,-0.0124152898788452,-0.0141637342886017,-0.0181785825446413,-0.0133196248861632,0.011050460441152491
0.1186824271062657,0.0937046507313366,0.1306316719769879,-0.0369270212456512,0.2108559498956158,0.1002087682672233,0.6492693110647182,0.4581367433859408,479,COST_2022-Q3,COST,2022-Q3,2022-05-26,0.0162921348314606,0.008314606741573,0.0092134831460674,0.0004494382022471,0.0012359550561797,0.0043820224719101,0.0061797752808988,0.0173213733374574,0.007732755954222,0.0061862047633776,0.0009279307145066,0.0015465511908444,0.0058768945252087,0.0027837921435199,0.015704958531851,0.0086465502029292,0.0109405329098288,0.000176460208223,0.0010587612493382,0.0035292041644609,0.0081171695782601,8,5,3,4,4,0.0136986301369863,0.4335145372897386,0.0124088729832487,-0.0172046845591374,0.0146025181944806,0.03717822781620776
0.1004916879127403,0.1295249001980808,0.0883009468426526,0.0412239533554281,0.1867704280155642,0.103112840466926,0.6828793774319066,0.4363143161457439,514,COST_2022-Q4,COST,2022-Q4,2022-09-22,0.0121232721504645,0.0090641287106276,0.0066847949240879,0.000679809653297,0.0005665080444142,0.0027192386131883,0.003625651484251,0.0121145374449339,0.0062408223201174,0.0062408223201174,0.0018355359765051,0.000367107195301,0.0025697503671071,0.0014684287812041,0.0121271714192068,0.0103244837758112,0.0068829891838741,0.0001638806948541,0.0006555227794165,0.0027859718125204,0.004588659455916,7,2,5,7,0,0.0121527777777777,0.2219859550573996,-0.0426340380231443,-0.018207405885473,-0.0193773165530901,0.02948276255647645
0.1149582945480942,0.0858268816710302,0.1235618724444292,-0.0377349907733989,0.186,0.1,0.686,0.4151861141429779,500,COST_2023-Q1,COST,2023-Q1,2022-12-08,0.0153776571687019,0.0097241067390321,0.0074626865671641,0.0009045680687471,0.0004522840343735,0.0031659882406151,0.0031659882406151,0.0122985581000848,0.008481764206955,0.0059372349448685,0.0012722646310432,0.0012722646310432,0.003392705682782,0.0008481764206955,0.0164970706136293,0.0101757631822386,0.0080172679617637,0.0007708911501695,0.0001541782300339,0.0030835646006783,0.0040086339808818,8,1,7,8,0,0.0141093474426807,0.5232435981743038,0.0033234920244392,0.014083455357627,-0.047339076742368,0.019882704277955528
0.1185033254159558,0.1156929658556526,0.1190989700241125,-0.0034060041684599,0.2003179650238473,0.1065182829888712,0.6597774244833068,0.4426157745107348,629,CVX_2020-Q4,CVX,2020-Q4,2021-01-29,0.0134533396494552,0.0120322122216958,0.0083372809095215,0.0010421601136901,0.001989578398863,0.0035054476551397,0.0045476077688299,0.017478813559322,0.0201271186440677,0.0052966101694915,0.0010593220338983,0.0047669491525423,0.0031779661016949,0.0015889830508474,0.0125764393677166,0.0102688358140071,0.0089996538594669,0.0010384215991692,0.0013845621322256,0.0035767855082496,0.0051921079958463,25,12,13,23,2,0.0348189415041782,0.3072134155035019,0.0142019691724235,0.0441314172814389,0.0676055468568359,0.008703744700844429
0.143325471227952,0.1835468535621961,0.1379626202500528,0.0455842333121432,0.2,0.0784313725490196,0.696078431372549,0.4175390762438256,510,CVX_2021-Q1,CVX,2021-Q1,2021-04-30,0.0147801009372746,0.0097332372025955,0.0060081711127132,0.0015621244893054,0.0007209805335255,0.0031242489786109,0.0039653929343907,0.0163098878695209,0.0101936799184505,0.0020387359836901,0.0030581039755351,0.0,0.0030581039755351,0.001019367991845,0.0145756708895245,0.0096717068519275,0.006538618716796,0.0013622122326658,0.0008173273395995,0.0031330881351314,0.0043590791445307,20,5,15,18,2,0.0350262697022767,0.2357752680778503,0.0238671836365981,0.0571456569010882,0.0352187968735685,0.011575142006003989
0.2194523026078265,0.3596288978476964,0.1901616707666596,0.1694672270810368,0.257201646090535,0.0411522633744856,0.6893004115226338,0.3853269301822952,486,CVX_2021-Q2,CVX,2021-Q2,2021-07-30,0.0156415382806068,0.0065859108549923,0.0076443608138304,0.000470422203928,0.000705633305892,0.0036457720804421,0.0032929554274961,0.0161403508771929,0.0056140350877192,0.0070175438596491,0.0028070175438596,0.0014035087719298,0.0042105263157894,0.0007017543859649,0.0155411133088443,0.0067815767165866,0.0077705566544221,0.0,0.0005651313930488,0.0035320712065555,0.0038146369030799,16,6,10,14,2,0.0288288288288288,0.2638453108957037,-0.0017678214379095,-0.0148315213566249,0.0026519600746403,0.013534230530511733
0.2254624343772847,0.3962901430352339,0.2010584759975777,0.1952316670376562,0.2797619047619047,0.0535714285714285,0.6547619047619048,0.419306458431602,504,CVX_2021-Q3,CVX,2021-Q3,2021-10-29,0.0135945621751299,0.0081967213114754,0.0080967612954818,0.0008996401439424,0.0005997600959616,0.0033986405437824,0.0045981607357057,0.0224525043177892,0.005181347150259,0.005181347150259,0.001727115716753,0.0,0.0025906735751295,0.0008635578583765,0.0124349988695455,0.0085914537644132,0.0084784083201446,0.0007913181098801,0.0006782726656115,0.0035044087723264,0.0050870449920868,37,8,29,37,0,0.0652557319223985,0.3597362426084441,0.000349403745867,-0.0129268187132906,0.0131891114977908,0.007505231143985601
0.1701157267148397,0.1516260532983418,0.1725981365716843,-0.0209720832733425,0.2530612244897959,0.0959183673469387,0.6346938775510204,0.4578588323609347,490,CVX_2021-Q4,CVX,2021-Q4,2022-01-28,0.0156826568265682,0.0121079335793357,0.0092250922509225,0.0028828413284132,0.0006918819188191,0.0026522140221402,0.0047278597785977,0.0185840707964601,0.0132743362831858,0.0035398230088495,0.0053097345132743,0.0017699115044247,0.0070796460176991,0.0017699115044247,0.0152479448422169,0.0119331742243436,0.0100769026783346,0.0025192256695836,0.0005303632988597,0.0019888623707239,0.0051710421638822,32,8,24,30,2,0.0576576576576576,0.377259261382278,0.005512574229925,0.0367506103959777,0.0446364904187776,0.012860362691635431
0.153857449648305,0.1512413484354814,0.1541830342970626,-0.0029416858615811,0.1980582524271844,0.0601941747572815,0.7242718446601941,0.3878618233129069,515,CVX_2022-Q1,CVX,2022-Q1,2022-04-29,0.0100415512465373,0.0095798707294552,0.0101569713758079,0.0011542012927054,0.0010387811634349,0.0035780240073868,0.0056555863342566,0.0065645514223194,0.0175054704595186,0.0054704595185995,0.0021881838074398,0.0010940919037199,0.0032822757111597,0.0010940919037199,0.0104516129032258,0.0086451612903225,0.0107096774193548,0.0010322580645161,0.0010322580645161,0.0036129032258064,0.0061935483870967,18,5,13,13,5,0.03125,0.1824430013075471,0.0196592983042461,0.069700753420576,0.0262334426870006,0.01523290425209104
0.2640412501300926,0.3797486123418616,0.2490331822281477,0.1307154301137138,0.2962962962962963,0.0444444444444444,0.6481481481481481,0.4149656885560464,540,CVX_2022-Q2,CVX,2022-Q2,2022-07-29,0.0172067982687638,0.0078116752876596,0.0061226644146521,0.0010556317956296,0.0011611949751926,0.003061332207326,0.0041169640029557,0.0172248803827751,0.0086124401913875,0.0076555023923444,0.0019138755980861,0.0019138755980861,0.0038277511961722,0.0047846889952153,0.017204556241101,0.0077123872804935,0.0059326056003796,0.0009492168960607,0.0010678690080683,0.0029663028001898,0.0040341718082581,27,8,19,27,0,0.0444078947368421,0.3775652405564432,-0.0199657824937716,-0.0514102513183159,-0.0511047766258361,0.01772292766498417
0.1719322129453967,0.2436730399942742,0.1630711131673881,0.080601926826886,0.2304439746300211,0.0718816067653276,0.6659619450317125,0.4238477920125338,473,CVX_2022-Q3,CVX,2022-Q3,2022-10-28,0.0115987085973932,0.0099246681812746,0.0093267966040894,0.0015544661006815,0.0019131890469927,0.0046633983020447,0.0063374387181633,0.0108695652173913,0.0095108695652173,0.0013586956521739,0.0040760869565217,0.0,0.0040760869565217,0.0013586956521739,0.0116690704077618,0.0099645994493247,0.0100957125999737,0.0013111315064901,0.0020978104103841,0.0047200734233643,0.0068178838337485,22,6,16,21,1,0.0442655935613682,0.4043410572816025,0.0051118158337115,-0.0082229814854719,0.0297814453102446,0.01412478667365948
0.2735768728179781,0.4448018282246176,0.1706380603413674,0.2741637678832502,0.3605947955390334,0.087360594795539,0.5371747211895911,0.5039692320201383,538,GS_2020-Q3,GS,2020-Q3,2020-10-14,0.0172037376648327,0.0118766919919657,0.0128373067854335,0.0010479434110558,0.0020958868221116,0.0046284167321631,0.0047157453497511,0.0210823733970875,0.0108672027820039,0.0128232992827646,0.0017387524451206,0.0023907846120408,0.0034775048902412,0.0039121930015214,0.0145985401459854,0.0125547445255474,0.0128467153284671,0.0005839416058394,0.0018978102189781,0.0054014598540145,0.0052554744525547,22,14,8,19,3,0.0378006872852233,0.4890166751363061,-0.0124508225890159,-0.0262273221506044,-0.0293044253585404,0.013352456652073715
0.3159652608487985,0.3695698308843921,0.2849704396271006,0.0845993912572915,0.3929203539823009,0.0814159292035398,0.5061946902654867,0.5123437880915916,565,JNJ_2019-Q2,JNJ,2019-Q2,2019-07-16,0.0259135628952916,0.0144061841180604,0.0066760365425158,0.0021082220660576,0.0005270555165144,0.0037772312016865,0.0031623330990864,0.0278624292555507,0.0132781889420983,0.0056595559425337,0.0010883761427949,0.0004353504571179,0.0034828036569438,0.0019590770570309,0.0245949926362297,0.0151693667157584,0.0073637702503681,0.0027982326951399,0.0005891016200294,0.0039764359351988,0.0039764359351988,34,14,20,31,3,0.0552845528455284,0.625363659880617,-0.0048303089266018,-0.0165284808777849,-0.0104152623689844,0.007336028998818306
0.2868126554295011,0.2875211818248663,0.286041691842207,0.0014794899826592,0.4146788990825688,0.1155963302752293,0.4605504587155963,0.5407190844245252,545,JNJ_2020-Q4,JNJ,2020-Q4,2021-01-26,0.0241440228821401,0.0140489610498864,0.0082443004963405,0.0010095061832253,0.0014301337595692,0.0048792798855892,0.0026920164886009,0.0271247739602169,0.0156720916214587,0.0070825798673899,0.0016576250753465,0.0019590114526823,0.0043701024713682,0.0004520795660036,0.0203770710340887,0.0119977147210055,0.0097124357265282,0.0001904399162064,0.0007617596648257,0.0055227575699866,0.0055227575699866,38,23,15,37,1,0.0655172413793103,0.455861158472927,-0.0152509669728496,-0.0431134959685524,-0.0498008389592723,0.01618236647709672
0.3330006968737314,0.3845524682475281,0.2967895910298536,0.0877628772176745,0.4065040650406504,0.0508130081300813,0.5264227642276422,0.469890267029605,492,JNJ_2021-Q1,JNJ,2021-Q1,2021-04-20,0.0216018938646675,0.0152890116393766,0.0104557111856381,0.0010850266324718,0.0016768593410929,0.0039455513908068,0.0044387453146577,0.0234294007878913,0.0124403897988803,0.0097449720091229,0.0,0.0026954177897574,0.0043541364296081,0.001866058469832,0.0199435559736594,0.0178739416745061,0.0111006585136406,0.0020696142991533,0.0007525870178739,0.0035747883349012,0.0067732831608654,26,15,11,24,2,0.048689138576779,0.5705112721771002,0.0006609370677509,-0.0057663645516504,-0.0136951817772198,0.005030161950806584
0.3690884027782821,0.4959596974683374,0.239010974287395,0.2569487231809424,0.445632798573975,0.0570409982174688,0.4759358288770053,0.4866567036354143,561,JNJ_2021-Q2,JNJ,2021-Q2,2021-07-21,0.0242794759825327,0.0109170305676855,0.0079475982532751,0.0006113537117903,0.0009606986899563,0.0044541484716157,0.0037554585152838,0.0274418604651162,0.0066666666666666,0.0080620155038759,0.0006201550387596,0.0009302325581395,0.0046511627906976,0.0023255813953488,0.0202,0.0164,0.0078,0.0006,0.001,0.0042,0.0056,31,19,12,29,2,0.0508196721311475,0.5977226856254763,0.0028909196336911,0.0140421689552383,0.0159892304769424,0.0050190437464769444
0.2800408674748959,0.2827181588745478,0.2782002296376352,0.0045179292369125,0.3925925925925926,0.1012345679012345,0.4962962962962963,0.5304490952666779,405,JNJ_2021-Q3,JNJ,2021-Q3,2021-10-19,0.0216360763340221,0.015680077792634,0.009116324298043,0.0031603257566549,0.002552570803452,0.0043758356630606,0.0036465297192172,0.0207671634497923,0.0146591741998534,0.008795504519912,0.0029318348399706,0.0031761544099682,0.0041534326899584,0.0019545565599804,0.0224963715529753,0.0166908563134978,0.0094339622641509,0.0033865505563618,0.0019351717464925,0.0045960328979196,0.0053217223028543,13,2,11,12,1,0.0296803652968036,0.611023087054491,-0.0005490560325293,-0.0009151640102298,-0.0062243652910145,0.004786646073858866
0.3295250616253607,0.3929793307872708,0.2681031356038678,0.1248761951834029,0.4122965641952983,0.0867992766726944,0.4900542495479204,0.5079189987508159,553,JNJ_2021-Q4,JNJ,2021-Q4,2022-01-25,0.0238115705321069,0.0108312559099114,0.0100575947734892,0.0006017364394395,0.0016332846213358,0.0066191008338347,0.0036963809851285,0.0248916010920186,0.0107595953107435,0.0102778223863818,0.000802954873936,0.0025694555965954,0.0064236389914886,0.002248273647021,0.0225675175730669,0.0109137994820569,0.0098039215686274,0.0003699593044765,0.0005549389567147,0.0068442471328153,0.0053644099149093,38,27,11,36,2,0.0663176265270506,0.5281589740985319,0.0044743214955709,0.0248167481953635,0.0306032519980583,0.007782206778016483
0.2807065721156562,0.2887570285065858,0.2760818418485264,0.0126751866580593,0.3558558558558558,0.0743243243243243,0.5518018018018018,0.4869733363924051,444,JNJ_2022-Q1,JNJ,2022-Q1,2022-04-19,0.0192086496434322,0.0109270761444674,0.0079365079365079,0.0002300437083045,0.0018403496664366,0.0040257648953301,0.0037957211870255,0.0207166853303471,0.0128779395296752,0.0083986562150056,0.0005599104143337,0.003639417693169,0.0044792833146696,0.0016797312430011,0.0181569699336196,0.0095665755564232,0.0076142131979695,0.0,0.0005857087075361,0.003709488481062,0.005271378367825,21,16,5,17,4,0.0442105263157894,0.4654852197993369,0.0044241355661617,-0.0084116233851872,0.0020755042111469,0.01384991853869141
0.3152632283244804,0.3653286540737518,0.2807283019913094,0.0846003520824424,0.4082125603864734,0.0821256038647343,0.5024154589371981,0.5087628267470009,414,JNJ_2022-Q2,JNJ,2022-Q2,2022-07-19,0.0276861451460885,0.0117813383600377,0.0071866163996229,0.0021206409048067,0.0021206409048067,0.0057728557964184,0.0031809613572101,0.0274858528698464,0.0118566424144435,0.0072756669361358,0.001347345728914,0.0021557531662624,0.0061977903530045,0.002694691457828,0.0278417416788779,0.0117228386016328,0.0071174377224199,0.0027213732468076,0.0020933640360058,0.0054427464936152,0.0035587188612099,26,17,9,21,5,0.0586907449209932,0.4571148667197961,-0.0057076082501279,0.0025046157623884,0.0146191015455824,0.0048576651579024036
0.3221079605555268,0.3547519785562651,0.2902640410351987,0.0644879375210664,0.3870967741935484,0.0794044665012407,0.5210918114143921,0.4898530399187706,403,JNJ_2022-Q3,JNJ,2022-Q3,2022-10-18,0.0191381800674049,0.0113143957631198,0.0090274434280211,0.0007221954742416,0.0008425613866153,0.0042128069330765,0.0034906114588348,0.0238373451741061,0.011918672587053,0.0077120822622107,0.0009347978499649,0.0009347978499649,0.003972890862351,0.0009347978499649,0.0141474311243484,0.0106726234797716,0.0104244229337304,0.0004964010920824,0.0007446016381236,0.0044676098287416,0.00620501365103,23,14,9,22,1,0.0534883720930232,0.5372925591857537,-0.0079512557174738,0.0162641914846252,0.0379494065645438,0.011923996918405289
0.2706008705906896,0.3326504138387637,0.213263950880444,0.1193864629583197,0.3421052631578947,0.0767543859649122,0.5548245614035088,0.4811011750351065,456,JNJ_2022-Q4,JNJ,2022-Q4,2023-01-24,0.0188224994528343,0.0124753775443204,0.0106150142263077,0.0006565988181221,0.0014226307725979,0.0056905230903917,0.0031735609542569,0.0207703165960879,0.0112925993143778,0.00947771728171,0.0010082677959265,0.0024198427102238,0.0060496067755595,0.0010082677959265,0.0165111270638908,0.0138789184015314,0.0119645848289064,0.0002392916965781,0.0002392916965781,0.0052644173247188,0.005743000717875,48,31,17,44,4,0.1002087682672233,0.4396359965515633,0.0071295321143456,-0.0004752622029561,-0.0164578508323678,0.01845915425937592
0.1195217496306327,0.254617635964364,0.0683411926926615,0.1862764432717024,0.1980474198047419,0.0948396094839609,0.6903765690376569,0.4399470684128695,717,JPM_2020-Q4,JPM,2020-Q4,2021-01-15,0.0137874496944403,0.0091667908779251,0.00909226412282,0.0011179013265762,0.0014905351021016,0.0059621404084066,0.0046951855716202,0.0109099350046425,0.0064995357474466,0.0095171773444753,0.0006963788300835,0.0025533890436397,0.0037140204271123,0.0041782729805013,0.0151481888035126,0.0104281009879253,0.0088913282107574,0.001317233809001,0.0009879253567508,0.0070252469813391,0.0049396267837541,30,18,12,24,6,0.03690036900369,0.3337610553329189,-0.0043278384072671,-0.0274811834751242,-0.0777553728659153,0.0041907489145718785
0.1470204006044942,0.295646355088268,0.0978481320812556,0.1977982230070123,0.2261682242990654,0.0897196261682242,0.6672897196261682,0.4465031958792311,535,JPM_2021-Q1,JPM,2021-Q1,2021-04-14,0.0112801407430404,0.0122115285108144,0.0102452654455138,0.0004139501190106,0.0026906757735692,0.0048639138983752,0.0051743764876332,0.0156774916013437,0.0111982082866741,0.0085852930197835,0.0011198208286674,0.0014930944382232,0.0022396416573348,0.0026129152668906,0.0095933562428407,0.0126002290950744,0.0108820160366552,0.0001431844215349,0.0031500572737686,0.0058705612829324,0.0061569301260022,22,9,13,16,6,0.0352564102564102,0.4147245704450391,0.0063488097713526,0.0095230429035588,-0.0067456747896134,0.012968493823337373
0.1040851855437913,0.2700911942553126,0.0721493653560939,0.1979418288992186,0.1811263318112633,0.0958904109589041,0.6971080669710806,0.4284770979687326,657,JPM_2021-Q2,JPM,2021-Q2,2021-07-13,0.0120173868575811,0.0095457257308446,0.0103980226710986,0.0003409187761015,0.0017045938805079,0.0029830392908889,0.0048580925594477,0.0181570585565138,0.0072628234226055,0.0054471175669541,0.0004539264639128,0.0009078529278256,0.002723558783477,0.0004539264639128,0.0105981112277019,0.0100734522560335,0.0115424973767051,0.000314795383001,0.0018887722980062,0.0030430220356768,0.0058761804826862,19,8,11,13,6,0.0252996005326231,0.1886869785620978,-0.0034051145067632,-0.0240282433831805,-0.0303240775814883,0.020342620846335382
0.1224292977480648,0.3126147310927655,0.0777053259797904,0.234909405112975,0.1940850277264325,0.0979667282809611,0.6987060998151571,0.4412041531700081,541,JPM_2021-Q3,JPM,2021-Q3,2021-10-13,0.0117914770376499,0.0101365328920148,0.0087918907736863,0.0008274720728175,0.0010343400910219,0.0034133223003723,0.0039304923458833,0.0197260273972602,0.0115068493150684,0.0060273972602739,0.0010958904109589,0.0010958904109589,0.0021917808219178,0.0027397260273972,0.0099451740405457,0.0098176718092566,0.0094351651153895,0.0007650133877342,0.0010200178503123,0.0036975647073823,0.0042075736325385,21,6,15,19,2,0.0335463258785942,0.2730276283054125,0.0153415429247753,0.0344717601504628,0.0669565574132899,0.007383423502601966
0.1431480077211314,0.3379551268953598,0.0755156357819059,0.2624394911134539,0.2083847102342786,0.0764488286066584,0.7003699136868065,0.4303659229338893,811,JPM_2021-Q4,JPM,2021-Q4,2022-01-14,0.0115219721329046,0.0096463022508038,0.0111200428724544,0.0008708467309753,0.0012727759914255,0.0031484458735262,0.0054930332261521,0.0162748643761302,0.0072332730560578,0.0108499095840868,0.0013562386980108,0.0006781193490054,0.0018083182640144,0.0040687160940325,0.0095201827875095,0.0106626047220106,0.0112338156892612,0.0006664127951256,0.0015232292460015,0.0037128712871287,0.006092916984006,27,17,10,18,9,0.0302690582959641,0.331077122301967,-0.0419280935345113,-0.0647921354754248,-0.0631453616697075,0.015451413309359925
0.0566497011081196,0.0380027418893374,0.0605545937445233,-0.0225518518551859,0.1498054474708171,0.1089494163424124,0.7217898832684825,0.4326703280288068,514,JPM_2022-Q1,JPM,2022-Q1,2022-04-13,0.0099635479951397,0.0139732685297691,0.0143377885783718,0.0002430133657351,0.0009720534629404,0.0035236938031591,0.0058323207776427,0.0124186871673565,0.0165582495564754,0.0112359550561797,0.0,0.0011827321111768,0.0023654642223536,0.0011827321111768,0.0093286435234745,0.0133047866646276,0.0151399296528521,0.000305857164704,0.0009175714941122,0.003823214558801,0.0070347147881939,10,3,7,6,4,0.0168634064080944,0.3174293287098407,-0.0092692830479375,0.0300078705776744,-0.0041633552057756,0.014130980884340063
0.0576345864989997,0.1450754714572859,0.0358305612009181,0.1092449102563678,0.1975308641975308,0.1419753086419753,0.6337448559670782,0.479146324660011,486,JPM_2022-Q2,JPM,2022-Q2,2022-07-14,0.0120143149284253,0.0175102249488752,0.0125255623721881,0.0005112474437627,0.0011503067484662,0.0031952965235173,0.0049846625766871,0.0081206496519721,0.0133410672853828,0.0081206496519721,0.0005800464037122,0.0029002320185614,0.0011600928074245,0.0017401392111368,0.0131147540983606,0.0186885245901639,0.0137704918032786,0.0004918032786885,0.000655737704918,0.0037704918032786,0.0059016393442622,9,3,6,7,2,0.015358361774744,-0.0371444283260239,0.0458330873233824,0.060740515522182,0.0668515576730233,0.022188573722782618
0.0223193552641367,0.1019163090760344,-0.019269364547616,0.1211856736236505,0.1590909090909091,0.1477272727272727,0.6681818181818182,0.4701822713112917,440,JPM_2022-Q3,JPM,2022-Q3,2022-10-14,0.0087694877505567,0.0169821826280623,0.0148942093541202,0.0002783964365256,0.0008351893095768,0.0033407572383073,0.006403118040089,0.0092243186582809,0.0138364779874213,0.0092243186582809,0.00041928721174,0.0016771488469601,0.0046121593291404,0.0020964360587002,0.0085434465513648,0.0185455303188164,0.0177120233381954,0.0002083767451552,0.0004167534903104,0.0027088976870181,0.0085434465513648,18,7,11,14,4,0.0374220374220374,-0.2264554722027646,0.0420002407865215,0.0478459527202089,0.1035164230878766,0.030344397181915485
0.2266337706000558,0.3070892344728328,0.1640236915712405,0.1430655429015922,0.2494714587737843,0.0422832980972515,0.693446088794926,0.3810768214993661,473,META_2019-Q2,META,2019-Q2,2019-07-24,0.016183145845668,0.008091572922834,0.008091572922834,0.004045786461417,0.0017761989342806,0.0050325636471284,0.0049338859285573,0.0178571428571428,0.0069047619047619,0.0102380952380952,0.0038095238095238,0.003095238095238,0.0059523809523809,0.004047619047619,0.0149983147960903,0.0089315807212672,0.0065722952477249,0.0042130097741826,0.0008426019548365,0.0043815301651499,0.0055611729019211,25,12,13,19,6,0.05,0.1338785348087549,-0.0193002595474672,-0.0426073080108802,-0.0764195629404298,0.010692819271375475
0.1660220230290993,0.2038858679299014,0.1164004578696269,0.0874854100602744,0.2346241457858769,0.0911161731207289,0.6514806378132119,0.4495820474720211,439,META_2020-Q1,META,2020-Q1,2020-04-29,0.0099247806101128,0.0114918512327622,0.0089845382365231,0.0006268282490597,0.0010447137484329,0.003238612620142,0.0055369828666945,0.009430473372781,0.0127588757396449,0.0085059171597633,0.0005547337278106,0.0018491124260355,0.0042529585798816,0.0038831360946745,0.010566762728146,0.0098463016330451,0.0096061479346781,0.0007204610951008,0.0,0.0019212295869356,0.0076849183477425,20,13,7,16,4,0.0428265524625267,0.0459505366161465,0.0541737920775409,0.0570061379504888,0.0935168303828311,0.024311727377466785
0.1722903481297532,0.2261524192120129,0.113804923306527,0.1123474959054858,0.2139917695473251,0.0617283950617283,0.7078189300411523,0.406428048420583,486,META_2020-Q4,META,2020-Q4,2021-01-27,0.0144285272596104,0.0102030299907245,0.006183654539833,0.0009275481809749,0.0011336699989693,0.0039163145418942,0.003813253632897,0.014722536806342,0.0083050207625519,0.0056625141562853,0.0009437523593808,0.0009437523593808,0.0037750094375235,0.0028312570781426,0.0140749148694665,0.0124858115777525,0.0068104426787741,0.0009080590238365,0.0013620885357548,0.0040862656072644,0.004994324631101,30,15,15,20,10,0.058252427184466,0.154878360653917,-0.026236631374894,-0.0372233472034343,-0.0148451935562291,0.021368169859549768
0.2322412247672939,0.3489628143175396,0.1474603404655952,0.2015024738519444,0.2465753424657534,0.0410958904109589,0.6986301369863014,0.3847048592846705,511,META_2021-Q1,META,2021-Q1,2021-04-28,0.0181196935183267,0.0056947608200455,0.0047628908676744,0.000724787740733,0.0012424932698281,0.0039345620211223,0.0032097742803893,0.0198821796759941,0.0027000490918016,0.0051546391752577,0.001227295041728,0.0019636720667648,0.0034364261168384,0.0022091310751104,0.0168338108882521,0.0078796561604584,0.0044770773638968,0.0003581661891117,0.0007163323782234,0.0042979942693409,0.0039398280802292,21,15,6,17,4,0.0396975425330812,0.2878821462924991,0.072972755613364,0.0504070277932264,0.0390100893376956,0.03770390131956117
0.1882364853673463,0.2473584040322087,0.1395217958307556,0.107836608201453,0.2381930184804928,0.0636550308008213,0.675564681724846,0.4187061134101204,487,META_2021-Q3,META,2021-Q3,2021-10-25,0.0169873106835857,0.0097216537044617,0.0057306590257879,0.0006139991813344,0.0006139991813344,0.005832992222677,0.0022513303315595,0.0192003614185678,0.0081319177772758,0.0065507115428055,0.0011294330246216,0.0009035464196973,0.0081319177772758,0.0015812062344702,0.0151543498596819,0.0110383536014967,0.0050514499532273,0.0001870907390084,0.0003741814780168,0.0039289055191768,0.0028063610851262,45,33,12,32,13,0.0867052023121387,0.0839847616023487,-0.039185713015772,-0.0358087894709754,0.0089141124674243,0.02606956804847673
0.161890850513527,0.2460167986842302,0.0844248732396712,0.161591925444559,0.227765726681128,0.0867678958785249,0.6767895878524945,0.443531658224245,461,META_2021-Q4,META,2021-Q4,2022-02-02,0.0126335250616269,0.0091413311421528,0.0068816762530813,0.0009244042728019,0.0012325390304026,0.0052382908792111,0.0043138866064092,0.0186223917433251,0.0060578864707202,0.004936055642809,0.0013461969934933,0.0011218308279111,0.0056091541395557,0.0022436616558223,0.0075771926501231,0.0117446486076908,0.0085243417313885,0.0005682894487592,0.0013260087137715,0.00492517522258,0.0060617541200985,46,29,17,30,16,0.0934959349593495,-0.0439808935574863,-0.2639008380682238,-0.3036841064324076,-0.3202785923851401,0.12177838097057964
0.1670142334081122,0.2494117776402319,0.1072533771518495,0.1421584004883824,0.2250530785562632,0.0870488322717622,0.6687898089171974,0.44827103024903,471,META_2022-Q1,META,2022-Q1,2022-04-27,0.0176602694977541,0.0102082482645977,0.0072478562678644,0.0015312372396896,0.0007145773785218,0.0063291139240506,0.004185381788485,0.0181603773584905,0.008254716981132,0.0056603773584905,0.000943396226415,0.0007075471698113,0.0068396226415094,0.0018867924528301,0.0172786177105831,0.011699064074874,0.0084593232541396,0.0019798416126709,0.0007199424046076,0.0059395248380129,0.0059395248380129,36,19,17,19,17,0.0733197556008146,-0.0137254469510581,0.1759362292327162,0.2068021202422906,0.1647329738884888,0.07690825425384712
0.165971992753285,0.2102266922038286,0.12801631986687,0.0822103723369586,0.2455795677799607,0.1041257367387033,0.630648330058939,0.4668201286257964,509,META_2022-Q2,META,2022-Q2,2022-07-27,0.0190686471296668,0.0101364913689281,0.0063227619429947,0.0007025291047771,0.0005018065034122,0.0052187876354877,0.0031112003211561,0.0167914222132308,0.0093060894193809,0.0066761076269471,0.000606918875177,0.0008092251669026,0.0062714950434958,0.0014161440420797,0.0213104959171479,0.0109539932284405,0.0059749053973312,0.0007966540529774,0.0001991635132443,0.0041824337781318,0.0047799243178649,32,14,18,23,9,0.0594795539033457,0.1367838473524898,-0.0522465643607634,-0.0569054670963974,-0.0145653510545875,0.03791268350862311
0.3817611031005973,0.5403304697758464,0.2054692777969381,0.3348611919789083,0.4122562674094707,0.0278551532033426,0.5543175487465181,0.4468599724207579,359,MSFT_2021-Q2,MSFT,2021-Q2,2021-01-26,0.0218967921896792,0.007531380753138,0.008647140864714,0.001255230125523,0.001255230125523,0.003905160390516,0.003347280334728,0.0258958932775307,0.0054930682709913,0.0099398378236986,0.0015694480774261,0.0015694480774261,0.0057546429505623,0.001046298718284,0.0173289512996713,0.0098595757394681,0.007170600537795,0.0008963250672243,0.0008963250672243,0.0017926501344487,0.0059755004481625,28,21,7,28,0,0.0717948717948717,0.3951296149087803,0.0024534425270643,-0.0015924771797876,0.0416648915687893,0.024623486680857887
0.326155134206204,0.4153426843450257,0.1979178999525469,0.2174247843924787,0.3436807095343681,0.0399113082039911,0.614190687361419,0.4399646419052522,451,MSFT_2021-Q3,MSFT,2021-Q3,2021-04-27,0.0181967598027706,0.0095092744775768,0.0083352899741723,0.0011739845034045,0.0011739845034045,0.0046959380136182,0.0034045550598732,0.0213260953858084,0.0077549437766576,0.0089181853431562,0.001357115160915,0.001357115160915,0.0065917022101589,0.0025203567274137,0.0133928571428571,0.0122023809523809,0.0074404761904761,0.0008928571428571,0.0008928571428571,0.0017857142857142,0.0047619047619047,24,23,1,23,1,0.0495867768595041,0.3670957931317389,-0.0282856200429204,-0.0373706929989656,-0.0467228507956031,0.011431873230023318
0.3470015657057456,0.4319606726774229,0.2214937940430404,0.2104668786343825,0.3876146788990826,0.0481651376146789,0.5527522935779816,0.4631421932723077,436,MSFT_2021-Q4,MSFT,2021-Q4,2021-07-27,0.0189440234661451,0.0101442190173551,0.0076998288926912,0.0021999511121975,0.0030554876558298,0.0046443412368614,0.0024443901246638,0.0211778943122226,0.0072609923356192,0.008269463493344,0.0016135538523598,0.0030254134731746,0.0050423557886244,0.0016135538523598,0.0155086848635235,0.0145781637717121,0.0068238213399503,0.0031017369727047,0.0031017369727047,0.0040322580645161,0.0037220843672456,27,23,4,25,2,0.0581896551724137,0.3802660441509,-0.0011167786102955,-0.0056884284018117,0.0103997170458398,0.004936152422809178
0.3151707055752174,0.4047812362737292,0.1778385904810485,0.2269426457926807,0.3574766355140187,0.0560747663551401,0.5817757009345794,0.4685561172016456,428,MSFT_2022-Q1,MSFT,2022-Q1,2021-10-26,0.0195232962031381,0.0085040124565816,0.0073062642232602,0.0011977482333213,0.0023954964666427,0.0052700922266139,0.0027548209366391,0.0210092687950566,0.0051493305870236,0.0080329557157569,0.0012358393408856,0.0016477857878475,0.0049433573635427,0.0016477857878475,0.0174585002862049,0.0131654264453348,0.0062965082999427,0.0011448196908986,0.003434459072696,0.0057240984544934,0.00429307384087,25,21,4,24,1,0.053763440860215,0.3841054254770279,0.0421141039151574,0.069362249819214,0.084905293307199,0.01874440662534919
0.3664962759171173,0.435531002443994,0.2602572057530016,0.1752737966909924,0.4080188679245283,0.0424528301886792,0.535377358490566,0.4561967844404487,424,MSFT_2022-Q2,MSFT,2022-Q2,2022-01-25,0.0188549880013712,0.0067420866186721,0.0067420866186721,0.0007999085818763,0.0021711804365215,0.0045709061821506,0.0020569077819677,0.0199348284454667,0.0042169829403871,0.00747556066705,0.0011500862564692,0.0015334483419589,0.0040253018976423,0.0011500862564692,0.0172608941709111,0.0104697226938313,0.0056593095642331,0.0002829654782116,0.0031126202603282,0.0053763440860215,0.0033955857385398,24,20,4,23,1,0.0524017467248908,0.3990192012861371,0.0284929867690704,0.0685290815820573,0.044230171822925,0.014946622516889834
0.2520837002449622,0.317388709197103,0.169196573498014,0.1481921356990889,0.3389830508474576,0.086864406779661,0.565677966101695,0.5020366007159746,472,MSFT_2022-Q3,MSFT,2022-Q3,2022-04-26,0.0159807355516637,0.0098511383537653,0.0093038528896672,0.0013134851138353,0.0018607705779334,0.0052539404553415,0.0038309982486865,0.0172718351324828,0.0088321884200196,0.0094210009813542,0.0017664376840039,0.0019627085377821,0.0051030421982335,0.0015701668302257,0.0143528829497649,0.0111358574610244,0.0091561494679534,0.0007423904974016,0.0017322444939371,0.0054441969809453,0.0066815144766146,36,33,3,35,1,0.0699029126213592,0.0892014152680834,0.0481088864486637,0.0270153241523687,0.0263858363373709,0.03498267053050453
0.2035354516147289,0.236558396974743,0.1451261170092039,0.0914322799655391,0.3227990970654628,0.1309255079006772,0.5327313769751693,0.5422280745089626,443,MSFT_2022-Q4,MSFT,2022-Q4,2022-07-26,0.0144742936544696,0.0126215840666975,0.0071792496526169,0.0016211208893006,0.0015053265400648,0.0050949513663733,0.0018527095877721,0.015990159901599,0.011070110701107,0.0082586540151115,0.0019328764716218,0.0019328764716218,0.0054471973291161,0.0010542962572482,0.0115449915110356,0.0156196943972835,0.0050933786078098,0.0010186757215619,0.0006791171477079,0.0044142614601018,0.0033955857385398,34,33,1,33,1,0.0728051391862955,0.0363375132574754,0.0668518757416613,0.1144896322796051,0.1260422305428171,0.032173098466794836
0.2416142907656603,0.2988904540597946,0.1670155805240317,0.1318748735357628,0.3474576271186441,0.1101694915254237,0.527542372881356,0.5292575745002387,472,MSFT_2023-Q1,MSFT,2023-Q1,2022-10-25,0.0154679040989945,0.0112694729864103,0.0088388023422826,0.0008838802342282,0.0007733952049497,0.0056347364932051,0.0026516407026847,0.0139198218262806,0.0085374907201187,0.0096510764662212,0.0014847809948032,0.000927988121752,0.0061247216035634,0.0016703786191536,0.0177450177450177,0.0152880152880152,0.0076440076440076,0.0,0.0005460005460005,0.0049140049140049,0.004095004095004,29,26,3,25,4,0.0568627450980392,0.0323094033218663,-0.0771564704198958,-0.0590042768680004,-0.145256515601785,0.041526070507813366
0.2086240031762796,0.2411782985365541,0.1531019534207195,0.0880763451158345,0.3492063492063492,0.1292517006802721,0.5102040816326531,0.5503599274360359,441,MSFT_2023-Q2,MSFT,2023-Q2,2023-01-24,0.0133661625043967,0.0110212217141517,0.0087935279634189,0.0011724703951225,0.0010552233556102,0.004220893422441,0.001875952632196,0.0143898336759484,0.0117735002803214,0.0099046907120164,0.0016819286114744,0.0014950476546439,0.0039245000934404,0.0007475238273219,0.0116425424795468,0.0097545626179987,0.0069225928256765,0.000314663310258,0.000314663310258,0.0047199496538703,0.0037759597230962,31,27,4,27,4,0.0641821946169772,0.1633104244547505,-0.0059082629634426,0.0252850260386171,0.0932077296398742,0.021109353126549817
0.1976016145530184,0.3113362526996656,0.1537858113325888,0.1575504413670767,0.2396449704142011,0.059171597633136,0.6952662721893491,0.4194985084958743,338,NVDA_2019-Q3,NVDA,2019-Q3,2019-11-14,0.0167871900826446,0.0085227272727272,0.0081353305785123,0.0007747933884297,0.0012913223140495,0.0036157024793388,0.005940082644628,0.0165203923593185,0.0061951471347444,0.0077439339184305,0.0015487867836861,0.0025813113061435,0.005162622612287,0.0025813113061435,0.0168761839159634,0.0092991217496125,0.0082658859996555,0.0005166178749784,0.0008610297916307,0.0030997072498708,0.0070604442913724,10,5,5,10,0,0.0268096514745308,0.495353527739644,-0.0266934260498006,-0.0085798437466012,0.0544355240407631,0.02713921516863285
0.2513619936142105,0.3146070032380521,0.2253039638979496,0.0893030393401025,0.2826747720364742,0.0273556231003039,0.6808510638297872,0.398490823804544,329,NVDA_2020-Q2,NVDA,2020-Q2,2019-08-15,0.0168793195108984,0.0082402977139819,0.0069112174375332,0.0006645401382243,0.0006645401382243,0.0035885167464114,0.0045188729399255,0.0228310502283105,0.0045662100456621,0.0076103500761035,0.0020294266869609,0.0010147133434804,0.0055809233891425,0.0025367833587011,0.0147667927246533,0.009544390419593,0.0066630650099045,0.0001800828381055,0.0005402485143165,0.0028813254096884,0.0052224023050603,12,3,9,12,0,0.0345821325648415,0.5070192062606415,0.0725280834117661,0.1283863146814124,0.1121189096810954,0.040495765782257616
0.2385667268959243,0.3145367926583181,0.1875868143448442,0.1269499783134738,0.2335958005249344,0.0262467191601049,0.7375328083989501,0.3652735436825949,381,NVDA_2021-Q3,NVDA,2021-Q3,2021-11-17,0.0136206042595344,0.0082961862308073,0.0099058940069341,0.00111441307578,0.0009905894006934,0.0035908865775136,0.0059435364041604,0.0140845070422535,0.0068616829180209,0.0075839653304442,0.0025279884434814,0.0010834236186348,0.0032502708559046,0.0025279884434814,0.0133785566233276,0.0090446579988694,0.0111173921236103,0.0003768607499528,0.0009421518748822,0.0037686074995289,0.0077256453740342,12,4,8,11,1,0.0299251870324189,0.4737934861332178,0.082498667925548,0.0921019497964214,0.140631200466084,0.043953368108390366
0.2733502140740553,0.389494790607747,0.18785490079231,0.2016398898154369,0.296,0.04,0.6586666666666666,0.416023700513363,375,NVDA_2021-Q4,NVDA,2021-Q4,2021-02-24,0.0176547775259453,0.0044136943814863,0.0054872957175235,0.0013121794107121,0.001550757485387,0.0067994751282357,0.003578671120124,0.021702838063439,0.0036727879799666,0.0060100166944908,0.0030050083472454,0.0013355592654424,0.0076794657762938,0.0026711185308848,0.0154046028210838,0.0048255382331106,0.0051967334818114,0.0003711952487008,0.0016703786191536,0.0063103192279138,0.0040831477357089,21,13,8,21,0,0.0551181102362204,0.4578957800709066,-0.0821781931996814,-0.0453306625943305,-0.1405269933757254,0.04461607388418723
0.2408516666262733,0.3494059448130429,0.1983887944017957,0.1510171504112471,0.238095238095238,0.0249433106575963,0.7301587301587301,0.3677737765762044,441,NVDA_2022-Q2,NVDA,2022-Q2,2021-08-18,0.0153097555186328,0.0067647756942796,0.0093757417517208,0.0010681224780441,0.0018988844054118,0.0040351293615001,0.0067647756942796,0.0135412392285597,0.0045137464095199,0.006565449322938,0.0024620434961017,0.0016413623307345,0.0045137464095199,0.0028723840787853,0.0160293872098847,0.0076807480380697,0.0105192853564868,0.0005009183503088,0.0020036734012355,0.0038403740190348,0.0083486391718149,14,9,5,14,0,0.0299145299145299,0.4611907436379364,0.0398113302837547,0.153256442234232,0.188865807926341,0.025899900018540926
0.2845526741454741,0.3814126308062586,0.2304365849989628,0.1509760458072958,0.2909090909090909,0.0363636363636363,0.6571428571428571,0.4124566716785366,385,NVDA_2022-Q4,NVDA,2022-Q4,2022-02-16,0.0173195876288659,0.0048109965635738,0.0086597938144329,0.0009621993127147,0.0019243986254295,0.0072852233676975,0.0052233676975945,0.0165615141955835,0.0039432176656151,0.0070977917981072,0.002365930599369,0.000788643533123,0.0090694006309148,0.0027602523659305,0.017725258493353,0.0052753745515931,0.0094956741928676,0.0002110149820637,0.0025321797847647,0.0063304494619117,0.0065414644439755,21,9,12,20,1,0.0515970515970515,0.6096748007195336,-0.0755911193772967,-0.1177246603264542,-0.0801931980586478,0.05113767055529324
0.2098933641843924,0.318036228622077,0.1674323621965899,0.1506038664254871,0.2444933920704846,0.0594713656387665,0.6872246696035242,0.4309961252183885,454,NVDA_2023-Q1,NVDA,2023-Q1,2022-05-25,0.0164296223639038,0.0074791564492398,0.0074791564492398,0.000367827366356,0.0024521824423737,0.0039234919077979,0.0042913192741539,0.0190129449838187,0.0072815533980582,0.0068770226537216,0.0008090614886731,0.0016181229773462,0.0040453074433656,0.0028317152103559,0.0153061224489795,0.0075650950035186,0.0077410274454609,0.0001759324419422,0.0028149190710767,0.0038705137227304,0.0049261083743842,21,13,8,18,3,0.0435684647302904,0.5119835407960982,0.0516052305283378,0.0999703386515512,0.1066861857475813,0.03990991579402624
0.117004802458853,0.1573654049190513,0.10322902796645,0.0541363769526012,0.1897321428571428,0.109375,0.6875,0.4534516292295878,448,NVDA_2023-Q2,NVDA,2023-Q2,2022-08-24,0.0118282334790434,0.0160709694008742,0.0100282849061455,0.0005142710208279,0.0012856775520699,0.0059141167395217,0.0050141424530727,0.0117406840224604,0.0132720775906074,0.0132720775906074,0.001531393568147,0.001531393568147,0.0035732516590096,0.004594180704441,0.0118577075098814,0.0170132325141776,0.0089362433407802,0.0001718508334765,0.0012029558343357,0.0067021825055851,0.0051555250042962,25,14,11,21,4,0.0521920668058455,0.4311831605434417,0.0401228648270591,-0.0825107309824915,-0.2075835419258473,0.04688800007571497
0.1602911211550235,0.2722056076123282,0.1189469159669747,0.1532586916453535,0.1953488372093023,0.0581395348837209,0.7395348837209302,0.3919771321978914,430,NVDA_2023-Q3,NVDA,2023-Q3,2022-11-16,0.0113396624472573,0.0085706751054852,0.0085706751054852,0.0006592827004219,0.0009229957805907,0.0046149789029535,0.0050105485232067,0.0126696832579185,0.0058823529411764,0.0085972850678733,0.0013574660633484,0.0018099547511312,0.0063348416289592,0.002262443438914,0.0107927056196501,0.0096762188314104,0.0085597320431708,0.0003721622627465,0.0005582433941198,0.0039077037588388,0.0061406773353181,24,10,14,23,1,0.0526315789473684,0.3628619247271369,-0.0146448036266742,-0.0372720236696547,-0.0052168552958571,0.028930402555667957
0.28361365446743,0.4221862913369376,0.2193811616126229,0.2028051297243147,0.3167202572347267,0.0305466237942122,0.6430868167202572,0.4068256144777309,622,PFE_2020-Q4,PFE,2020-Q4,2021-02-02,0.0174531351001939,0.0104234001292824,0.013251454427925,0.001131221719457,0.0015352294764059,0.0110698125404007,0.0057369101486748,0.0223243598161523,0.0074414532720507,0.010505581089954,0.0019697964543663,0.0019697964543663,0.0067848544539286,0.0028452615451958,0.0146022800051236,0.0121685666709363,0.0148584603560906,0.0006404508774177,0.0012809017548354,0.0135775586012552,0.0074292301780453,32,19,13,30,2,0.0472673559822747,0.5587011248571798,-0.0042868005601444,-0.0020005862303324,-0.0160045498974865,0.003459535323219473
0.2412171075864209,0.4466086110129716,0.126027213973311,0.3205813970396606,0.2756653992395437,0.0513307984790874,0.6711026615969582,0.4167960694125186,526,PFE_2021-Q1,PFE,2021-Q1,2021-05-04,0.0128797299697992,0.0122579499022917,0.0133238585894475,0.0025759459939598,0.0014212115828744,0.0076390122579499,0.0055071948836383,0.0149253731343283,0.0073575783056548,0.0134538574731973,0.0039941139373554,0.0023123817532058,0.0048349800294303,0.003573680891318,0.0113828641747423,0.0158437163513305,0.0132287340409167,0.0015382248884786,0.0007691124442393,0.0096908167974157,0.0069220119981541,43,31,12,38,5,0.0776173285198556,0.4921003732570382,0.0005006995084687,0.0005008220787278,0.0136451340955405,0.01006090788813333
0.2417989610183257,0.4400712152682065,0.1503905943596947,0.2896806209085117,0.2698170731707317,0.0335365853658536,0.6859756097560976,0.389149727061137,656,PFE_2021-Q2,PFE,2021-Q2,2021-07-28,0.0159243391803411,0.0135801471182604,0.014065152372484,0.0023441920620806,0.0012933473445962,0.0081642551127637,0.0050925551693476,0.0180216259511413,0.0074088906688025,0.0126151381657989,0.0026031237484981,0.0018021625951141,0.0052062474969963,0.0016019223067681,0.0145045411413853,0.0177578961637522,0.0150467669784465,0.0021689033482445,0.0009488952148569,0.0101667344448962,0.0074556052595906,38,24,14,36,2,0.0542857142857142,0.5333480269795186,-0.0062703176840434,0.0209011705441149,0.0466789200505758,0.021896633200437714
0.2356153065624891,0.3644640725857067,0.1673364732852285,0.1971275993004782,0.2653631284916201,0.0488826815642458,0.664804469273743,0.4015922954317454,716,PFE_2021-Q3,PFE,2021-Q3,2021-11-02,0.0137150936726758,0.0103216684340756,0.0123718628490632,0.0028985507246376,0.0010604453870625,0.0086249558147755,0.0042417815482502,0.0152001351123121,0.007600067556156,0.0114845465293024,0.0015200135112312,0.000844451950684,0.0047289309238304,0.002533355852052,0.0126459143968871,0.0122811284046692,0.013010700389105,0.0038910505836575,0.0012159533073929,0.0114299610894941,0.0054717898832684,45,32,13,43,2,0.0587467362924282,0.4726726236442725,-0.0138612745474828,0.0789150181499572,0.1137618999235474,0.05485896985550682
0.2304238709004399,0.3366077817920873,0.1575312271530999,0.1790765546389874,0.2685297691373025,0.0510328068043742,0.6634264884568651,0.4067002603784925,823,PFE_2021-Q4,PFE,2021-Q4,2022-02-08,0.0155577419751568,0.0106382978723404,0.0127905546673225,0.0015988193334153,0.0010453818718484,0.0076866314106505,0.0046119788463903,0.018410475820044,0.0093348891481913,0.014002333722287,0.0009075586671852,0.0016854660962012,0.0076494230519901,0.0035005834305717,0.012983974733887,0.0118142472803836,0.0116972745350333,0.0022224821616563,0.0004678909814013,0.007720201193122,0.005614691776816,76,59,17,72,4,0.0855855855855855,0.4681859936467127,-0.004448810559732,-0.0177949679088697,-0.0541586059351125,0.010154871369441173
0.2713952256937622,0.4246952687537977,0.1933515674086532,0.2313437013451445,0.3119143239625167,0.0562248995983935,0.6198125836680054,0.4274969138625317,747,PFE_2022-Q2,PFE,2022-Q2,2022-07-28,0.0180126535169333,0.0125790844808336,0.0110904354298474,0.003349460364719,0.0008931894305917,0.0066244882768887,0.0049125418682545,0.0173176123802505,0.0114222549742078,0.0132645541635961,0.003316138540899,0.0018422991893883,0.0036845983787767,0.0035003684598378,0.0184838266516797,0.013363307106282,0.0096165854876982,0.0033720494567253,0.0002497814412389,0.0086174597227426,0.0058698638691145,54,33,21,51,3,0.0677540777917189,0.4222255855522774,-0.0041405137958257,-0.0203075178523015,-0.0226736043736361,0.008746064058568042
0.2657121032705353,0.451348101320379,0.163236740185217,0.288111361135162,0.3054003724394786,0.0335195530726257,0.6461824953445066,0.4026394895767953,537,PFE_2022-Q3,PFE,2022-Q3,2022-11-01,0.0168667810177244,0.0094339622641509,0.012292738707833,0.0016199733180865,0.0012388031255955,0.0103868877453783,0.0056222603392414,0.0229990800367985,0.0108095676172953,0.0128794848206071,0.0018399264029438,0.0018399264029438,0.0071297148114075,0.0034498620055197,0.0125284738041002,0.0084607875040676,0.011877643996095,0.0014643670680117,0.0008135372600065,0.0126911812561015,0.0071591278880572,45,30,15,40,5,0.0805008944543828,0.5354996434102456,-0.0195791254210819,-0.0080250309475154,-0.0046638380656959,0.012407834714183963
0.2084325814511469,0.4032317653764039,0.1243843942294629,0.2788473711469409,0.2464678178963893,0.0502354788069073,0.6923076923076923,0.4047235646435185,637,PFE_2022-Q4,PFE,2022-Q4,2023-01-31,0.0165395423524688,0.0111601766358892,0.0126053793657165,0.0012043356081894,0.0012043356081894,0.0130871136089923,0.004496186270574,0.0234375,0.0057010135135135,0.0105574324324324,0.0010557432432432,0.0019003378378378,0.0069679054054054,0.0027449324324324,0.0123072936908926,0.0145096515092628,0.0138618992097421,0.0012955045990413,0.0007773027594247,0.0168415597875372,0.0055706697758777,65,51,14,64,1,0.0950292397660818,0.4967015723769481,-0.0043025878782351,-0.0022646561558323,-0.0185688346250241,0.0062727442778646725
0.4177329390736607,0.5161243477204711,0.3249183714027829,0.1912059763176881,0.45,0.0291666666666666,0.5104166666666666,0.410583294905861,480,TGT_2019-Q3,TGT,2019-Q3,2019-11-20,0.0234714575485366,0.0037670240509997,0.0053124698155124,9.659036028204386e-05,0.0005795421616922,0.0049261083743842,0.0035738433304356,0.0221880867042157,0.0029015190305512,0.0040962621607782,0.0001706775900324,0.0003413551800648,0.0049496501109404,0.0020481310803891,0.02514463729417,0.0048954161103693,0.0068980863373386,0.0,0.0008900756564307,0.0048954161103693,0.0055629728526924,25,17,8,25,0,0.0482625482625482,0.4910685708373785,0.0096495369189747,-0.0098075187189856,-0.0193782433695697,0.011908319620209544
0.3384303632634359,0.3627027674262995,0.2849299390877907,0.0777728283385087,0.3836150845253576,0.0390117035110533,0.5578673602080624,0.4028486396070249,769,TGT_2020-Q4,TGT,2020-Q4,2021-03-02,0.018739683464414,0.0060200019419361,0.0057772599281483,0.0003883872220603,0.0013108068744538,0.0045635498592096,0.0032527429847558,0.017992159059087,0.0056006720806496,0.0056006720806496,0.0003500420050406,0.0016101932231867,0.0048305796695603,0.0028703444413329,0.0204307887234716,0.0069686411149825,0.0061767500791891,0.000475134621476,0.0006335128286347,0.0039594551789673,0.004117833386126,27,17,10,27,0,0.0328867235079171,0.5393466189917591,0.0006915606812711,-0.0050724282415521,0.033604315810609,0.018086184618296273
0.3982010548091168,0.506483239858753,0.253477749790853,0.2530054900678999,0.434156378600823,0.0329218106995884,0.522633744855967,0.418676757915293,486,TGT_2021-Q1,TGT,2021-Q1,2021-05-19,0.0234135464089937,0.0062250301960419,0.0056675648053516,0.0001858217968967,0.0008361980860354,0.0039951686332806,0.0034377032425903,0.0212609970674486,0.0036656891495601,0.0049853372434017,0.0,0.0010263929618768,0.0043988269794721,0.002199413489736,0.0271366979457266,0.0106517879786964,0.0068475779863048,0.0005072279989855,0.0005072279989855,0.003296981993406,0.0055795079888409,16,13,3,14,2,0.0307101727447216,0.3864804359618574,0.0126931895319055,0.029222060060826,0.0361165518883093,0.006750433363435364
0.3607670785254036,0.452859423973908,0.2519965917752014,0.2008628321987066,0.4205776173285198,0.0487364620938628,0.516245487364621,0.4389389184296052,554,TGT_2021-Q2,TGT,2021-Q2,2021-08-18,0.0212432526554065,0.0067038133379766,0.0068779383597422,8.706251088281386e-05,0.0012188751523593,0.0034825004353125,0.0039178129897266,0.020110676204616,0.0055338102308003,0.0063436361182345,0.000134970981239,0.0013497098123903,0.0031043325684977,0.0024294776623026,0.0233014471425067,0.0088300220750551,0.0078489085111601,0.0,0.000981113563895,0.0041697326465538,0.0066225165562913,28,18,10,24,4,0.0470588235294117,0.5447829175474388,-0.0087649800124895,0.0199933870581754,0.0064622743705314,0.017055538139955546
0.4150503432117891,0.5080815341430432,0.2700464199167057,0.2380351142263375,0.4912663755458515,0.0436681222707423,0.4432314410480349,0.4447794417522432,458,TGT_2021-Q3,TGT,2021-Q3,2021-11-17,0.0198454345959355,0.0067741627707279,0.0057246445949813,9.541074324968993e-05,0.0017173933784944,0.0049613586489838,0.0038164297299875,0.0201936376210235,0.0055325034578146,0.0034578146611341,0.0,0.0022130013831258,0.0055325034578146,0.0017980636237897,0.0190710550599815,0.0095355275299907,0.0107659181790218,0.0003075976622577,0.0006151953245155,0.0036911719470932,0.0083051368809597,20,14,6,20,0,0.0412371134020618,0.6056413490325212,-0.006895110523928,-0.0363673320176779,-0.0182821302217953,0.015458779452006879
0.3148050273680446,0.3148050273680446,,,0.3186504217432052,0.0234301780693533,0.6457357075913777,0.3695233346256577,1067,TGT_2021-Q4,TGT,2021-Q4,2022-03-01,0.0202344931921331,0.0049167927382753,0.0044913010590015,0.0001418305597579,0.0013237518910741,0.0043494704992435,0.0028366111951588,0.0202344931921331,0.0049167927382753,0.0044913010590015,0.0001418305597579,0.0013237518910741,0.0043494704992435,0.0028366111951588,0.0,0.0,0.0,0.0,0.0,0.0,0.0,35,35,0,33,2,0.0311942959001782,0.602322772358145,0.0249283162475035,0.0212825359259023,-0.0211911377542462,0.030423222376015448
0.2812363739855804,0.3433199491696777,0.2021676697416828,0.1411522794279948,0.3962655601659751,0.1058091286307053,0.470954356846473,0.5227473673196009,482,TGT_2022-Q1,TGT,2022-Q1,2022-05-18,0.0161880373147978,0.0111578562282787,0.0092372416316078,0.0,0.0012804097311139,0.0040241448692152,0.0044814340588988,0.0178995944623129,0.0106278842119983,0.0072717102503146,0.0,0.0012585652356313,0.0050342609425255,0.0025171304712627,0.0129526830557758,0.0121596616441977,0.0129526830557758,0.0,0.0013217023526301,0.0021147237642083,0.0081945545863071,33,23,10,29,4,0.0628571428571428,0.2209625767939018,-0.050615740828576,-0.0477074937098919,0.0342182092156447,0.03588014845654553
0.2733207520634473,0.3472348265124771,0.1640995081231397,0.1831353183893374,0.3765765765765765,0.09009009009009,0.5099099099099099,0.4826118838735072,555,TGT_2022-Q2,TGT,2022-Q2,2022-08-17,0.0177621283255086,0.0083724569640062,0.0075117370892018,0.0003129890453834,0.0014866979655712,0.0046165884194053,0.0034428794992175,0.0197782096718875,0.0082313936206699,0.0067451697724934,0.0003429747341945,0.001829198582371,0.0046873213673259,0.0022864982279638,0.0133895363253161,0.008678403173816,0.0091743119266055,0.0002479543763947,0.0007438631291842,0.0044631787751053,0.0059509050334738,34,26,8,28,6,0.0585197934595524,0.5387318197856931,-0.0130602986321952,-0.0763089458097357,-0.0839511801827169,0.018339381486432042
0.3050438656478815,0.5367299651002718,0.2166265556095135,0.3201034094907583,0.3452685421994885,0.0255754475703324,0.6214833759590793,0.3906804190791986,391,UNH_2020-Q4,UNH,2020-Q4,2021-01-20,0.0206126538791869,0.0115946178070426,0.006727741196679,0.0005725737188663,0.0008588605782994,0.004723733180647,0.0025765817348983,0.0264261744966442,0.0054530201342281,0.0029362416107382,0.0004194630872483,0.0012583892617449,0.0075503355704697,0.0016778523489932,0.0176010430247718,0.0147761842677096,0.0086918730986527,0.0006518904823989,0.0006518904823989,0.0032594524119947,0.0030421555845284,13,11,2,13,0,0.0297482837528604,0.724898021381635,0.0118574218231759,-0.0086361677661752,-0.0491961415708394,0.016628101628376503
0.3053714242843232,0.4925811519065211,0.24615202064873,0.246429131257791,0.3229974160206718,0.0258397932816537,0.6356589147286822,0.388159352832712,387,UNH_2021-Q1,UNH,2021-Q1,2021-04-15,0.0202668034889687,0.0105182144689584,0.0082093381221139,0.0007696254489481,0.000128270908158,0.0033350436121087,0.0048742945100051,0.0250368188512518,0.0039273441335297,0.0034364261168384,0.0014727540500736,0.0004909180166912,0.0009818360333824,0.002454590083456,0.018579614516409,0.0128494530300399,0.009897551658274,0.0005209237714881,0.0,0.0041673901719048,0.0057301614863691,16,5,11,16,0,0.0352422907488986,0.5868323468603194,0.0025641244228631,0.0167176172517032,0.0149998465515007,0.008931639916078067
0.2622999139478273,0.5498537245051315,0.1791518241481249,0.3707019003570065,0.2780373831775701,0.0233644859813084,0.6845794392523364,0.3683526991618903,428,UNH_2021-Q2,UNH,2021-Q2,2021-07-15,0.0178788615908538,0.0092434930673801,0.0094867428849428,0.0001216249087813,0.0004864996351252,0.0021892483580637,0.0066893699829725,0.0313131313131313,0.0045454545454545,0.004040404040404,0.0005050505050505,0.0,0.003030303030303,0.002020202020202,0.0136174303107978,0.0107337391861582,0.0112143543735982,0.0,0.0006408202499198,0.0019224607497596,0.0081704581864786,14,8,6,11,3,0.0289855072463768,0.4953034637229783,-0.0008331949932591,-0.016855223202016,-0.0154982943753226,0.013593240490917263
0.2519964842125773,0.5521453167366631,0.1683484489189796,0.3837968678176834,0.2641025641025641,0.0333333333333333,0.6923076923076923,0.3926063444287075,390,UNH_2021-Q3,UNH,2021-Q3,2021-10-14,0.0192647058823529,0.0089705882352941,0.0083823529411764,0.000735294117647,0.0004411764705882,0.0047058823529411,0.0041176470588235,0.0319539025667888,0.0068098480880041,0.0057621791513881,0.001571503404924,0.0,0.0052383446830801,0.002095337873232,0.0143120016356573,0.0098139439787364,0.0094050296462891,0.0004089143324473,0.000613371498671,0.0044980576569208,0.0049069719893682,19,8,11,16,3,0.042316258351893,0.2837397424798262,0.018341522300568,0.0095632928624249,0.0692978476603156,0.013979019629619291
0.3072652553305549,0.4690160143924387,0.2519907153633644,0.2170252990290742,0.3378016085790885,0.0268096514745308,0.6219839142091153,0.3925012451169042,373,UNH_2021-Q4,UNH,2021-Q4,2022-01-19,0.0177506390230048,0.0088043169554103,0.0078102811701221,0.0007100255609201,0.0008520306731042,0.0031241124680488,0.0048281738142573,0.0258662762323084,0.0058565153733528,0.0019521717911176,0.0004880429477794,0.0019521717911176,0.0039043435822352,0.0009760858955588,0.0144201882635689,0.0100140196274784,0.010214300020028,0.0008011215701982,0.0004005607850991,0.0028039254956939,0.0064089725615862,11,6,5,10,1,0.0244988864142538,0.7874934537844225,0.0010378562495464,-0.0005405901460212,0.0076536296157178,0.006265013908184973
0.2655776768967243,0.4579014250555554,0.2111186563721573,0.2467827686833981,0.2783300198807157,0.0337972166998011,0.6679920477137177,0.3781413343655787,503,UNH_2022-Q1,UNH,2022-Q1,2022-04-14,0.0195185426154847,0.0098677076556061,0.0092170895684233,0.0004337453914552,0.000542181739319,0.0052049446974625,0.0068314899154196,0.0239111870196413,0.0085397096498719,0.0046968403074295,0.0008539709649871,0.0008539709649871,0.0046968403074295,0.0025619128949615,0.0180232558139534,0.0103197674418604,0.0107558139534883,0.0002906976744186,0.0004360465116279,0.0053779069767441,0.0082848837209302,15,10,5,15,0,0.0266429840142095,0.7240071604649226,-0.0013836092117359,0.0209232555105291,-0.0393401761752381,0.01833782029796398
0.2987580536037822,0.5468560873752548,0.2181069899938608,0.3287490973813939,0.3200934579439252,0.0373831775700934,0.6191588785046729,0.3959642681155296,428,UNH_2022-Q2,UNH,2022-Q2,2022-07-15,0.0163477839670622,0.0084766287236619,0.0085977234197142,0.0008476628723661,0.0009687575684185,0.0039961249697263,0.0064180188907725,0.0244454504300588,0.0045269352648257,0.0067904028972385,0.0004526935264825,0.0018107741059302,0.0049796287913082,0.0049796287913082,0.013390643081501,0.0099189948751859,0.0092577285501735,0.0009918994875185,0.0006612663250123,0.0036369647875681,0.0069432964126301,21,9,12,19,2,0.044776119402985,0.4827366206972372,-0.0195941645143404,-0.0194054612261949,0.0034735474459491,0.02120242222888683
0.3135106547970355,0.5595356584065132,0.2076626881278416,0.3518729702786716,0.3495934959349593,0.02710027100271,0.5962059620596206,0.397456002358385,369,UNH_2022-Q3,UNH,2022-Q3,2022-10-14,0.0176955288396595,0.0097257868431716,0.0067540186410914,0.0004052411184654,0.0008104822369309,0.0064838578954477,0.0044576523031203,0.0264529058116232,0.0048096192384769,0.002004008016032,0.0008016032064128,0.0012024048096192,0.0080160320641282,0.0012024048096192,0.013243683781581,0.0122249388753056,0.0091687041564792,0.000203748981255,0.0006112469437652,0.0057049714751426,0.0061124694376528,14,4,10,12,2,0.0334928229665071,0.4209213848891003,0.0170522682492732,0.0140120378441113,0.0527935832035399,0.012217375676232026
0.3114554337942256,0.6173058774767687,0.236619686935731,0.3806861905410376,0.3205128205128205,0.0106837606837606,0.6602564102564102,0.3498186270242012,468,UNH_2022-Q4,UNH,2022-Q4,2023-01-13,0.0175856591785795,0.0086226457907873,0.0074880871341048,0.000453823462673,0.0003403675970047,0.0045382346267302,0.0047651463580667,0.0266197890507282,0.0030135610246107,0.0035158211953792,0.0005022601707684,0.0005022601707684,0.0095429432446007,0.0025113008538422,0.0149494357320826,0.0102594166788802,0.0086472226293419,0.0004396892862377,0.0002931261908251,0.003077825003664,0.0054228345302652,22,12,10,22,0,0.0421455938697318,0.6403141059828076,-0.0091714980551461,-0.0106422158859556,0.0059845998994526,0.01344798155412535
0.3035945118244506,0.3684513962688149,0.282250513287116,0.0862008829816989,0.3068181818181818,0.0251196172248803,0.6555023923444976,0.3672005607587839,1672,WMT_2020-Q4,WMT,2020-Q4,2021-02-18,0.0196546890927624,0.0050331294597349,0.0055109582059123,0.0002548419979612,0.0004459734964322,0.0056065239551478,0.0034085117227319,0.0216731087796797,0.0062120375483158,0.0044174489232468,0.0005521811154058,0.0006902263942573,0.0080066261733848,0.0011043622308117,0.0190491966208381,0.0046794765612058,0.0058389928772569,0.0001656451880072,0.0003727016730163,0.004886533046215,0.0040997184031803,59,27,32,57,2,0.0330717488789237,0.44278489378423,0.004939618709333,-0.0159085841088201,-0.0456921640605001,0.008958482147132569
0.3682171926543494,0.5459466341035392,0.2756803760320441,0.270266258071495,0.4057971014492754,0.0416666666666666,0.5416666666666666,0.4451107443566826,552,WMT_2022-Q1,WMT,2022-Q1,2021-05-18,0.0290850903614457,0.0115775602409638,0.0049887048192771,0.0,0.0005647590361445,0.0029179216867469,0.0027296686746987,0.0357046253719231,0.0116310522044901,0.0064917500676223,0.0,0.0016229375169055,0.0032458750338111,0.0013524479307546,0.02555218709398,0.0115490111159232,0.0041865165295221,0.0,0.0,0.0027428901400317,0.0034647033347769,19,5,14,16,3,0.0320404721753794,0.4541982686833331,7.052298714782906e-05,-0.0011272524673179,-0.0015502188014283,0.0035153043505262286
0.3848944880143354,0.5661506772099834,0.2873735524189304,0.2787771247910529,0.4285714285714285,0.0238095238095238,0.5311355311355311,0.4189365975096671,546,WMT_2022-Q2,WMT,2022-Q2,2021-08-17,0.0241709368655129,0.0078313835444261,0.0060910760901092,0.0001933674949241,0.0007734699796964,0.0029005124238615,0.0040607173934061,0.0301494130202774,0.0061366061899679,0.007470651013874,0.0002668089647812,0.0018676627534685,0.0029348986125933,0.003735325506937,0.0207733131159969,0.0087945413191811,0.0053070507960576,0.0001516300227445,0.0001516300227445,0.0028809704321455,0.004245640636846,16,11,5,15,1,0.0269360269360269,0.5806647492572665,-0.010617316346958,0.0049767010188122,-0.0222294577362357,0.009488000100443214
0.3538869214083614,0.574365252205594,0.229194806304528,0.3451704459010659,0.3776683087027914,0.0344827586206896,0.5812807881773399,0.4171484251521649,609,WMT_2022-Q4,WMT,2022-Q4,2022-02-17,0.0245739199365834,0.0090170432025366,0.0071343638525564,0.0001981767736821,0.0002972651605231,0.003269916765755,0.0035671819262782,0.0268327743172017,0.0079060852898897,0.0083852419741255,0.0,0.0,0.003593675131768,0.0038332534738859,0.0229807367353835,0.0098006083136194,0.0062521122000675,0.0003379520108144,0.0005069280162216,0.0030415680973301,0.0033795201081446,30,22,8,29,1,0.046801872074883,0.6470329200228055,-0.0064083642794587,-0.0275776106381074,-0.0208090020536796,0.01013080612397767
0.2343527340188421,0.317681832892028,0.1923258841523657,0.1253559487396623,0.3333333333333333,0.1078998073217726,0.5394990366088632,0.5047749475688165,519,WMT_2023-Q1,WMT,2023-Q1,2022-05-17,0.0186493914409108,0.0112877895563407,0.0051040439733019,0.0,9.815469179426775e-05,0.0026501766784452,0.0022575579112681,0.0225708780622075,0.0132122213047068,0.0055050922102945,0.0,0.0002752546105147,0.0024772914946325,0.0016515276630883,0.0164759725400457,0.0102212051868802,0.004881769641495,0.0,0.0,0.0027459954233409,0.0025934401220442,19,6,13,17,2,0.0324786324786324,0.4910550291993116,-0.0679103843994359,-0.0925011754287463,-0.0407312764471469,0.0379743765781456
0.2151245898430627,0.3930387418431956,0.1233121015269447,0.2697266403162509,0.3306188925081433,0.1188925081433224,0.5244299674267101,0.5202336184263362,614,WMT_2023-Q2,WMT,2023-Q2,2022-08-16,0.0204848071013997,0.0105838170023898,0.0060600887674974,0.0004267668146124,8.535336292249915e-05,0.0034994878798224,0.0034141345168999,0.0284955324800772,0.0077276020284955,0.0050712388312001,0.0007244626901714,0.0,0.0036223134508572,0.0019319005071238,0.0161056105610561,0.0121452145214521,0.0066006600660066,0.0002640264026402,0.0001320132013201,0.0034323432343234,0.0042244224422442,17,10,7,14,3,0.0261538461538461,0.0323465663720579,0.0010763425325609,-0.0168615859826688,-0.025113031386299,0.008096454353099018
0.2570587892011909,0.3871890965646883,0.1829381759864153,0.204250920578273,0.3169129720853859,0.0656814449917898,0.5977011494252874,0.4600786989527609,609,WMT_2023-Q3,WMT,2023-Q3,2022-11-15,0.0206284271912263,0.0087910174949952,0.0062668639568282,0.0009574375489598,0.000522238663069,0.0032204717555923,0.0031334319784141,0.025429399955387,0.0075842070042382,0.0071380771804595,0.0013383894713361,0.0008922596475574,0.0028998438545616,0.0024537140307829,0.0175563802455038,0.0095632315158435,0.0057093919497573,0.0007136739937196,0.0002854695974878,0.0034256351698544,0.0035683699685983,28,17,11,21,7,0.0432098765432098,0.2599195558577776,0.0071895471942488,0.0189231130151437,0.0381852074066378,0.00664998461806496
0.2765681731885513,0.3483584482520301,0.2019270207759813,0.1464314274760488,0.3486725663716814,0.0831858407079646,0.5486725663716814,0.4817842478760383,565,XOM_2020-Q4,XOM,2020-Q4,2021-02-02,0.0251716247139588,0.0102551063649461,0.006525976777693,0.0008475294516484,0.0027968471904398,0.0056784473260445,0.0025425883549453,0.0323031255456609,0.0122228042605203,0.0055875676619521,0.000349222978872,0.003143006809848,0.0071590710668762,0.001920726383796,0.0184453227931488,0.008399209486166,0.0074110671936758,0.0013175230566534,0.0024703557312252,0.0042819499341238,0.003129117259552,23,16,7,22,1,0.0380794701986755,0.5434541056013625,0.0392285372515774,0.0946749510303575,0.1108130263213308,0.022256875509404406
0.3034361150578759,0.3904901999964624,0.2321829427964985,0.1583072571999639,0.3709981167608286,0.0753295668549905,0.5461393596986818,0.4632707212840447,531,XOM_2021-Q1,XOM,2021-Q1,2021-04-30,0.022801302931596,0.008414766558089,0.0057908070937386,0.0007238508867173,0.0019905899384726,0.0055193630112196,0.001900108577633,0.0291307387555348,0.0095548823118154,0.0062922395711955,0.0013982754602656,0.0030295968305756,0.0081566068515497,0.0011652295502213,0.0187842035201893,0.0076911699452743,0.0054725632302913,0.0002958142286643,0.0013311640289897,0.0038455849726371,0.0023665138293151,23,16,7,19,4,0.0397923875432525,0.1924228107799654,0.027602912330948,0.0651641555940075,0.0585253221148252,0.010721863305023695
0.3256452826735301,0.4275977077729562,0.2224791382276822,0.2051185695452739,0.4043392504930966,0.0710059171597633,0.5088757396449705,0.471388907955142,507,XOM_2021-Q2,XOM,2021-Q2,2021-07-30,0.0231126182402284,0.0060681777619132,0.0058004640371229,0.0001784758165268,0.001249330715688,0.004372657504908,0.0024094235231126,0.0288498280473824,0.0053496369889186,0.0040122277416889,0.0003821169277799,0.0009552923194497,0.0057317539166985,0.0005731753916698,0.0180843938379102,0.0066979236436704,0.0073677160080375,0.0,0.0015070328198258,0.0031815137307434,0.0040187541862022,23,15,8,22,1,0.0434782608695652,0.4896276337297066,0.0001737000418588,-0.0126801030556969,0.01059586075015,0.01439913627593177
0.2793935441182467,0.5771137748454367,0.2371540605825813,0.3399597142628554,0.3006012024048096,0.032064128256513,0.655310621242485,0.3846918042816595,499,XOM_2021-Q3,XOM,2021-Q3,2021-10-29,0.0213762811127379,0.006539775500244,0.0058565153733528,0.000780868716447,0.0016593460224499,0.0034163006344558,0.0030258662762323,0.0433275563258232,0.0051993067590987,0.0008665511265164,0.0008665511265164,0.0008665511265164,0.0051993067590987,0.0,0.0185898141018589,0.0067099329006709,0.0064899351006489,0.0007699923000769,0.0017599824001759,0.0031899681003189,0.0034099659003409,16,6,10,15,1,0.029090909090909,0.4618821429321542,0.0179929423997622,-0.0083758557597732,0.0293161909554284,0.014096208313353344
0.3024702112033831,0.5098800472682342,0.2578659453829851,0.2520141018852491,0.3097345132743362,0.0265486725663716,0.6460176991150443,0.3727768718979278,452,XOM_2021-Q4,XOM,2021-Q4,2022-02-01,0.0225230102869518,0.0073632918245804,0.0034650785056848,0.0009745533297238,0.0006497022198159,0.004656199242014,0.0018408229561451,0.0396772024209818,0.0047074646940147,0.0026899798251513,0.0,0.0006724949562878,0.0053799596503026,0.0013449899125756,0.0192307692307692,0.0078729994837377,0.0036138358286009,0.0011615900877645,0.0006453278265358,0.0045172947857511,0.0019359834796076,16,6,10,16,0,0.0308880308880308,0.3893970894860104,-0.0025980685448943,0.007175409273556,-0.0213117847631307,0.01883687814128706
0.2449649262215951,0.4474497552303706,0.1890843727613811,0.2583653824689895,0.3027989821882951,0.0585241730279898,0.5954198473282443,0.4268170050495675,393,XOM_2022-Q1,XOM,2022-Q1,2022-04-29,0.0194257788637752,0.00965180207697,0.0065974343310934,0.0010995723885155,0.0008552229688454,0.0043982895540623,0.003909590714722,0.0217519106407995,0.0082304526748971,0.0041152263374485,0.0,0.0005878894767783,0.006466784244562,0.0011757789535567,0.0188155459592843,0.0100246761258482,0.007248611967921,0.0013880320789636,0.000925354719309,0.0038556446637877,0.0046267735965453,13,6,7,12,1,0.0280172413793103,0.2568954434245825,0.0136070120886286,0.0756599457863986,-0.0026979447082067,0.019734538391489146
0.2479013355341151,0.4208389254579064,0.1995735706786995,0.2212653547792069,0.297644539614561,0.0685224839400428,0.6167023554603854,0.4384063437909908,467,XOM_2022-Q2,XOM,2022-Q2,2022-07-29,0.0188209843158464,0.0117901568415359,0.0061654948620876,0.0005408328826392,0.0016224986479177,0.0045429962141698,0.0041103299080584,0.0250836120401337,0.0128205128205128,0.0050167224080267,0.0005574136008918,0.0022296544035674,0.0050167224080267,0.0027870680044593,0.0173131123339149,0.0115420748892766,0.0064420883102939,0.0005368406925244,0.0014763119044423,0.004428935713327,0.004428935713327,18,6,12,16,2,0.0339622641509433,0.3212107184032599,-0.0252759279261235,-0.0609718456949521,-0.0654081515868985,0.022805765730740533
0.2244899600540638,0.3685923937833711,0.1928230054814506,0.1757693883019204,0.2550607287449393,0.0647773279352226,0.6659919028340081,0.4321643691629394,494,XOM_2022-Q3,XOM,2022-Q3,2022-10-28,0.0163678065054211,0.0111551292743953,0.0077147623019182,0.0025020850708924,0.0021893244370308,0.0042743953294412,0.0039616346955796,0.0305651672433679,0.0138408304498269,0.0069204152249134,0.0028835063437139,0.0040369088811995,0.0040369088811995,0.0017301038062283,0.0132349198269279,0.0105624840926444,0.0078900483583609,0.0024179180453041,0.0017816238228556,0.0043268007126495,0.0044540595571392,16,5,11,15,1,0.0286225402504472,0.4211512585170567,0.0009937963135482,-0.0098463915160485,0.029810245150639,0.01397506322847893
0.2777537020349315,0.5201483415987562,0.205880872861937,0.3142674687368192,0.3340807174887892,0.0605381165919282,0.5807174887892377,0.4290633840717758,446,XOM_2022-Q4,XOM,2022-Q4,2023-01-31,0.0242457487657707,0.0076796489303346,0.0061437191442676,0.0004388370817334,0.0013165112452002,0.0041689522764673,0.0028524410312671,0.041728031418753,0.0063819342169857,0.0054000981836033,0.0004909180166912,0.0019636720667648,0.0039273441335297,0.0014727540500736,0.019214467363662,0.0080531223509465,0.0063577281717999,0.0004238485447866,0.0011302627860977,0.0042384854478666,0.003249505510031,13,7,6,13,0,0.025390625,0.4525433675600932,-0.0109473768888008,-0.0352555857113066,-0.0143090536271884,0.02208232057448585
